building_id,sensor_id,timestamp,total_kwh,hvac_kwh,lighting_kwh,plug_load_kwh,other_kwh
BLD-HQ-01,MAIN,2026-06-02T05:00:00+00:00,48.35,23.65,7.67,12.28,4.76
BLD-HQ-01,MAIN,2026-06-02T06:00:00+00:00,46.22,23.32,8.36,10.8,3.74
BLD-HQ-01,MAIN,2026-06-02T07:00:00+00:00,43.01,23.26,6.6,9.43,3.72
BLD-HQ-01,MAIN,2026-06-02T08:00:00+00:00,62.0,31.36,10.55,17.16,2.93
BLD-HQ-01,MAIN,2026-06-02T09:00:00+00:00,63.65,32.1,10.15,17.35,4.06
BLD-HQ-01,MAIN,2026-06-02T10:00:00+00:00,64.7,31.1,11.57,18.35,3.68
BLD-HQ-01,MAIN,2026-06-02T11:00:00+00:00,64.72,31.98,10.37,18.99,3.39
BLD-HQ-01,MAIN,2026-06-02T12:00:00+00:00,70.59,36.17,11.72,18.26,4.44
BLD-HQ-01,MAIN,2026-06-02T13:00:00+00:00,62.51,31.83,10.82,16.23,3.64
BLD-HQ-01,MAIN,2026-06-02T14:00:00+00:00,61.16,29.98,10.47,16.64,4.07
BLD-HQ-01,MAIN,2026-06-02T15:00:00+00:00,66.05,30.98,11.37,19.24,4.47
BLD-HQ-01,MAIN,2026-06-02T16:00:00+00:00,63.06,31.69,10.63,16.19,4.55
BLD-HQ-01,MAIN,2026-06-02T17:00:00+00:00,64.28,30.34,10.28,18.98,4.68
BLD-HQ-01,MAIN,2026-06-02T18:00:00+00:00,64.96,30.44,10.95,19.17,4.4
BLD-HQ-01,MAIN,2026-06-02T19:00:00+00:00,44.3,22.85,8.69,8.36,4.41
BLD-HQ-01,MAIN,2026-06-02T20:00:00+00:00,45.74,20.77,8.38,12.58,4.01
BLD-HQ-01,MAIN,2026-06-02T21:00:00+00:00,46.83,25.12,7.44,10.53,3.75
BLD-HQ-01,MAIN,2026-06-02T22:00:00+00:00,48.06,23.65,8.44,11.81,4.16
BLD-HQ-01,MAIN,2026-06-02T23:00:00+00:00,45.87,23.05,8.33,10.66,3.84
BLD-HQ-01,MAIN,2026-06-03T00:00:00+00:00,44.87,24.81,7.57,8.31,4.17
BLD-HQ-01,MAIN,2026-06-03T01:00:00+00:00,45.16,22.39,7.27,11.31,4.2
BLD-HQ-01,MAIN,2026-06-03T02:00:00+00:00,44.72,21.49,8.59,11.48,3.16
BLD-HQ-01,MAIN,2026-06-03T03:00:00+00:00,47.64,22.99,9.23,11.27,4.15
BLD-HQ-01,MAIN,2026-06-03T04:00:00+00:00,47.0,23.41,7.75,12.42,3.43
BLD-HQ-01,MAIN,2026-06-03T05:00:00+00:00,47.77,24.09,7.2,13.18,3.3
BLD-HQ-01,MAIN,2026-06-03T06:00:00+00:00,44.74,21.58,7.8,10.91,4.46
BLD-HQ-01,MAIN,2026-06-03T07:00:00+00:00,44.17,23.05,7.45,9.64,4.03
BLD-HQ-01,MAIN,2026-06-03T08:00:00+00:00,65.92,32.8,10.45,18.74,3.92
BLD-HQ-01,MAIN,2026-06-03T09:00:00+00:00,63.99,30.83,10.81,18.98,3.38
BLD-HQ-01,MAIN,2026-06-03T10:00:00+00:00,68.08,34.05,12.52,17.61,3.9
BLD-HQ-01,MAIN,2026-06-03T11:00:00+00:00,63.71,32.39,11.47,16.52,3.34
BLD-HQ-01,MAIN,2026-06-03T12:00:00+00:00,89.11,54.69,11.73,18.27,4.42
BLD-HQ-01,MAIN,2026-06-03T13:00:00+00:00,66.45,32.26,10.27,19.26,4.66
BLD-HQ-01,MAIN,2026-06-03T14:00:00+00:00,64.99,30.54,11.47,19.39,3.59
BLD-HQ-01,MAIN,2026-06-03T15:00:00+00:00,65.23,32.64,11.56,16.96,4.07
BLD-HQ-01,MAIN,2026-06-03T16:00:00+00:00,63.25,30.67,10.51,17.91,4.17
BLD-HQ-01,MAIN,2026-06-03T17:00:00+00:00,70.47,33.81,11.32,21.28,4.05
BLD-HQ-01,MAIN,2026-06-03T18:00:00+00:00,64.38,32.94,10.49,16.71,4.24
BLD-HQ-01,MAIN,2026-06-03T19:00:00+00:00,46.25,22.71,8.19,10.96,4.39
BLD-HQ-01,MAIN,2026-06-03T20:00:00+00:00,45.63,22.23,8.26,11.76,3.38
BLD-HQ-01,MAIN,2026-06-03T21:00:00+00:00,48.03,23.85,8.81,11.78,3.6
BLD-HQ-01,MAIN,2026-06-03T22:00:00+00:00,46.26,22.99,7.06,11.93,4.28
BLD-HQ-01,MAIN,2026-06-03T23:00:00+00:00,46.32,21.46,8.58,12.59,3.7
BLD-HQ-01,MAIN,2026-06-04T00:00:00+00:00,50.49,23.67,10.06,12.19,4.57
BLD-HQ-01,MAIN,2026-06-04T01:00:00+00:00,44.47,23.25,7.86,10.12,3.25
BLD-HQ-01,MAIN,2026-06-04T02:00:00+00:00,47.32,22.17,7.8,14.28,3.07
BLD-HQ-01,MAIN,2026-06-04T03:00:00+00:00,44.34,22.28,7.8,10.43,3.83
BLD-HQ-01,MAIN,2026-06-04T04:00:00+00:00,44.72,21.83,8.16,10.62,4.11
BLD-HQ-01,MAIN,2026-06-04T05:00:00+00:00,52.89,26.48,8.86,13.14,4.41
BLD-HQ-01,MAIN,2026-06-04T06:00:00+00:00,42.86,19.86,7.86,10.71,4.43
BLD-HQ-01,MAIN,2026-06-04T07:00:00+00:00,45.43,21.74,8.75,11.1,3.84
BLD-HQ-01,MAIN,2026-06-04T08:00:00+00:00,66.84,34.65,11.24,16.49,4.46
BLD-HQ-01,MAIN,2026-06-04T09:00:00+00:00,65.89,32.57,11.99,16.41,4.92
BLD-HQ-01,MAIN,2026-06-04T10:00:00+00:00,67.4,33.9,10.58,18.53,4.39
BLD-HQ-01,MAIN,2026-06-04T11:00:00+00:00,62.8,31.97,10.44,16.45,3.95
BLD-HQ-01,MAIN,2026-06-04T12:00:00+00:00,66.13,34.45,10.14,17.47,4.07
BLD-HQ-01,MAIN,2026-06-04T13:00:00+00:00,67.44,32.09,12.41,18.49,4.45
BLD-HQ-01,MAIN,2026-06-04T14:00:00+00:00,64.83,32.3,10.64,18.08,3.81
BLD-HQ-01,MAIN,2026-06-04T15:00:00+00:00,63.24,29.15,11.77,17.26,5.06
BLD-HQ-01,MAIN,2026-06-04T16:00:00+00:00,65.15,31.77,11.35,18.34,3.69
BLD-HQ-01,MAIN,2026-06-04T17:00:00+00:00,65.12,33.33,10.72,17.25,3.82
BLD-HQ-01,MAIN,2026-06-04T18:00:00+00:00,67.82,33.35,11.18,18.98,4.31
BLD-HQ-01,MAIN,2026-06-04T19:00:00+00:00,43.8,23.73,7.32,9.35,3.39
BLD-HQ-01,MAIN,2026-06-04T20:00:00+00:00,47.14,23.72,7.63,11.24,4.55
BLD-HQ-01,MAIN,2026-06-04T21:00:00+00:00,46.18,22.29,7.91,11.51,4.47
BLD-HQ-01,MAIN,2026-06-04T22:00:00+00:00,47.31,23.92,7.56,11.89,3.93
BLD-HQ-01,MAIN,2026-06-04T23:00:00+00:00,47.28,25.77,8.39,9.35,3.78
BLD-HQ-01,MAIN,2026-06-05T00:00:00+00:00,49.43,24.64,8.22,12.25,4.31
BLD-HQ-01,MAIN,2026-06-05T01:00:00+00:00,43.47,21.85,7.74,8.99,4.89
BLD-HQ-01,MAIN,2026-06-05T02:00:00+00:00,44.93,21.66,7.56,12.0,3.72
BLD-HQ-01,MAIN,2026-06-05T03:00:00+00:00,46.73,22.25,7.87,12.17,4.44
BLD-HQ-01,MAIN,2026-06-05T04:00:00+00:00,42.16,20.73,6.91,10.64,3.89
BLD-HQ-01,MAIN,2026-06-05T05:00:00+00:00,43.67,19.84,8.69,11.14,4.0
BLD-HQ-01,MAIN,2026-06-05T06:00:00+00:00,47.53,23.38,7.25,12.12,4.77
BLD-HQ-01,MAIN,2026-06-05T07:00:00+00:00,43.29,20.73,7.24,11.09,4.23
BLD-HQ-01,MAIN,2026-06-05T08:00:00+00:00,65.07,32.34,11.01,18.12,3.61
BLD-HQ-01,MAIN,2026-06-05T09:00:00+00:00,69.07,35.41,11.24,17.48,4.93
BLD-HQ-01,MAIN,2026-06-05T10:00:00+00:00,68.64,33.31,11.11,20.63,3.6
BLD-HQ-01,MAIN,2026-06-05T11:00:00+00:00,64.28,31.76,10.19,19.24,3.09
BLD-HQ-01,MAIN,2026-06-05T12:00:00+00:00,67.49,32.51,12.13,19.14,3.71
BLD-HQ-01,MAIN,2026-06-05T13:00:00+00:00,67.77,33.11,11.89,18.84,3.93
BLD-HQ-01,MAIN,2026-06-05T14:00:00+00:00,65.11,33.77,10.72,15.94,4.68
BLD-HQ-01,MAIN,2026-06-05T15:00:00+00:00,62.19,32.41,11.17,15.06,3.55
BLD-HQ-01,MAIN,2026-06-05T16:00:00+00:00,64.81,32.01,11.03,17.46,4.31
BLD-HQ-01,MAIN,2026-06-05T17:00:00+00:00,65.31,29.95,11.32,19.27,4.77
BLD-HQ-01,MAIN,2026-06-05T18:00:00+00:00,66.97,32.5,10.55,19.86,4.06
BLD-HQ-01,MAIN,2026-06-05T19:00:00+00:00,48.41,23.15,8.44,12.73,4.08
BLD-HQ-01,MAIN,2026-06-05T20:00:00+00:00,47.12,23.87,8.57,10.34,4.34
BLD-HQ-01,MAIN,2026-06-05T21:00:00+00:00,45.42,20.3,8.62,12.56,3.93
BLD-HQ-01,MAIN,2026-06-05T22:00:00+00:00,49.71,25.15,7.79,13.45,3.31
BLD-HQ-01,MAIN,2026-06-05T23:00:00+00:00,45.44,22.88,8.23,11.16,3.17
BLD-HQ-01,MAIN,2026-06-06T00:00:00+00:00,34.66,16.37,6.47,7.48,4.33
BLD-HQ-01,MAIN,2026-06-06T01:00:00+00:00,38.44,17.82,6.82,9.95,3.85
BLD-HQ-01,MAIN,2026-06-06T02:00:00+00:00,36.84,17.99,6.83,8.41,3.6
BLD-HQ-01,MAIN,2026-06-06T03:00:00+00:00,35.71,17.32,6.41,9.12,2.86
BLD-HQ-01,MAIN,2026-06-06T04:00:00+00:00,37.88,18.42,6.65,8.92,3.89
BLD-HQ-01,MAIN,2026-06-06T05:00:00+00:00,37.02,18.37,6.87,8.39,3.39
BLD-HQ-01,MAIN,2026-06-06T06:00:00+00:00,39.44,17.2,7.35,11.02,3.88
BLD-HQ-01,MAIN,2026-06-06T07:00:00+00:00,40.25,20.75,5.93,9.08,4.48
BLD-HQ-01,MAIN,2026-06-06T08:00:00+00:00,42.11,22.01,6.93,9.07,4.1
BLD-HQ-01,MAIN,2026-06-06T09:00:00+00:00,42.79,21.92,7.47,9.73,3.67
BLD-HQ-01,MAIN,2026-06-06T10:00:00+00:00,48.49,24.73,8.03,10.99,4.74
BLD-HQ-01,MAIN,2026-06-06T11:00:00+00:00,49.13,25.76,8.11,10.47,4.79
BLD-HQ-01,MAIN,2026-06-06T12:00:00+00:00,44.62,20.89,6.67,12.11,4.95
BLD-HQ-01,MAIN,2026-06-06T13:00:00+00:00,44.27,22.24,7.58,10.57,3.88
BLD-HQ-01,MAIN,2026-06-06T14:00:00+00:00,42.29,21.22,7.21,10.29,3.57
BLD-HQ-01,MAIN,2026-06-06T15:00:00+00:00,41.78,18.45,7.91,11.47,3.96
BLD-HQ-01,MAIN,2026-06-06T16:00:00+00:00,44.4,21.33,7.95,11.6,3.51
BLD-HQ-01,MAIN,2026-06-06T17:00:00+00:00,49.48,25.26,8.47,12.12,3.62
BLD-HQ-01,MAIN,2026-06-06T18:00:00+00:00,40.54,21.06,6.42,9.05,4.02
BLD-HQ-01,MAIN,2026-06-06T19:00:00+00:00,36.0,17.18,7.0,7.68,4.13
BLD-HQ-01,MAIN,2026-06-06T20:00:00+00:00,36.87,18.49,6.55,8.02,3.81
BLD-HQ-01,MAIN,2026-06-06T21:00:00+00:00,40.31,18.57,6.98,10.38,4.39
BLD-HQ-01,MAIN,2026-06-06T22:00:00+00:00,35.45,15.76,6.05,9.74,3.9
BLD-HQ-01,MAIN,2026-06-06T23:00:00+00:00,40.73,19.72,6.58,9.64,4.79
BLD-HQ-01,MAIN,2026-06-07T00:00:00+00:00,38.5,19.98,6.28,8.46,3.78
BLD-HQ-01,MAIN,2026-06-07T01:00:00+00:00,38.01,20.29,7.15,6.4,4.18
BLD-HQ-01,MAIN,2026-06-07T02:00:00+00:00,37.65,21.27,6.28,6.6,3.5
BLD-HQ-01,MAIN,2026-06-07T03:00:00+00:00,38.23,21.05,6.02,7.15,4.01
BLD-HQ-01,MAIN,2026-06-07T04:00:00+00:00,39.63,20.71,5.2,9.33,4.39
BLD-HQ-01,MAIN,2026-06-07T05:00:00+00:00,38.38,19.72,6.87,8.0,3.8
BLD-HQ-01,MAIN,2026-06-07T06:00:00+00:00,41.7,20.42,7.89,9.27,4.12
BLD-HQ-01,MAIN,2026-06-07T07:00:00+00:00,38.93,17.83,6.03,10.86,4.2
BLD-HQ-01,MAIN,2026-06-07T08:00:00+00:00,45.14,23.76,7.19,10.68,3.51
BLD-HQ-01,MAIN,2026-06-07T09:00:00+00:00,45.37,21.56,7.17,12.16,4.49
BLD-HQ-01,MAIN,2026-06-07T10:00:00+00:00,44.9,22.82,8.63,10.07,3.38
BLD-HQ-01,MAIN,2026-06-07T11:00:00+00:00,43.23,22.46,8.0,9.93,2.84
BLD-HQ-01,MAIN,2026-06-07T12:00:00+00:00,47.44,22.62,6.82,13.93,4.06
BLD-HQ-01,MAIN,2026-06-07T13:00:00+00:00,48.21,24.87,7.85,11.26,4.22
BLD-HQ-01,MAIN,2026-06-07T14:00:00+00:00,49.99,25.02,8.31,12.91,3.74
BLD-HQ-01,MAIN,2026-06-07T15:00:00+00:00,48.34,22.06,7.97,14.05,4.26
BLD-HQ-01,MAIN,2026-06-07T16:00:00+00:00,42.16,21.96,7.24,9.79,3.17
BLD-HQ-01,MAIN,2026-06-07T17:00:00+00:00,45.85,21.86,7.88,12.52,3.59
BLD-HQ-01,MAIN,2026-06-07T18:00:00+00:00,42.98,21.81,6.6,10.71,3.86
BLD-HQ-01,MAIN,2026-06-07T19:00:00+00:00,40.53,20.68,6.43,10.35,3.08
BLD-HQ-01,MAIN,2026-06-07T20:00:00+00:00,41.1,19.07,5.86,12.14,4.03
BLD-HQ-01,MAIN,2026-06-07T21:00:00+00:00,38.22,18.3,6.93,8.91,4.08
BLD-HQ-01,MAIN,2026-06-07T22:00:00+00:00,37.87,19.42,6.2,8.19,4.05
BLD-HQ-01,MAIN,2026-06-07T23:00:00+00:00,36.42,21.55,4.93,6.56,3.38
BLD-HQ-01,MAIN,2026-06-08T00:00:00+00:00,43.34,22.39,7.53,9.81,3.61
BLD-HQ-01,MAIN,2026-06-08T01:00:00+00:00,45.76,22.36,7.71,12.08,3.61
BLD-HQ-01,MAIN,2026-06-08T02:00:00+00:00,46.17,23.98,7.07,10.87,4.24
BLD-HQ-01,MAIN,2026-06-08T03:00:00+00:00,45.99,22.37,7.61,12.48,3.53
BLD-HQ-01,MAIN,2026-06-08T04:00:00+00:00,45.31,22.36,8.45,10.2,4.31
BLD-HQ-01,MAIN,2026-06-08T05:00:00+00:00,42.81,20.4,8.81,10.01,3.59
BLD-HQ-01,MAIN,2026-06-08T06:00:00+00:00,43.52,20.57,8.11,9.96,4.88
BLD-HQ-01,MAIN,2026-06-08T07:00:00+00:00,44.34,20.27,7.42,12.67,3.98
BLD-HQ-01,MAIN,2026-06-08T08:00:00+00:00,63.93,31.45,10.97,18.37,3.14
BLD-HQ-01,MAIN,2026-06-08T09:00:00+00:00,62.32,31.07,10.75,16.45,4.05
BLD-HQ-01,MAIN,2026-06-08T10:00:00+00:00,64.35,32.29,10.41,18.49,3.15
BLD-HQ-01,MAIN,2026-06-08T11:00:00+00:00,67.34,31.3,11.32,19.94,4.79
BLD-HQ-01,MAIN,2026-06-08T12:00:00+00:00,60.73,29.24,10.23,17.25,4.01
BLD-HQ-01,MAIN,2026-06-08T13:00:00+00:00,63.17,31.48,11.12,16.28,4.29
BLD-HQ-01,MAIN,2026-06-08T14:00:00+00:00,62.16,30.62,10.19,16.83,4.53
BLD-HQ-01,MAIN,2026-06-08T15:00:00+00:00,68.14,35.12,10.82,18.11,4.09
BLD-HQ-01,MAIN,2026-06-08T16:00:00+00:00,67.23,31.14,11.07,21.07,3.95
BLD-HQ-01,MAIN,2026-06-08T17:00:00+00:00,64.67,31.47,11.15,18.22,3.83
BLD-HQ-01,MAIN,2026-06-08T18:00:00+00:00,65.72,31.06,12.09,18.85,3.72
BLD-HQ-01,MAIN,2026-06-08T19:00:00+00:00,43.53,21.27,8.31,9.38,4.57
BLD-HQ-01,MAIN,2026-06-08T20:00:00+00:00,45.96,22.79,8.12,11.71,3.33
BLD-HQ-01,MAIN,2026-06-08T21:00:00+00:00,49.82,24.13,8.12,13.04,4.53
BLD-HQ-01,MAIN,2026-06-08T22:00:00+00:00,45.67,22.79,6.75,12.02,4.1
BLD-HQ-01,MAIN,2026-06-08T23:00:00+00:00,47.89,24.13,7.83,12.04,3.89
BLD-HQ-01,MAIN,2026-06-09T00:00:00+00:00,46.55,22.84,8.16,11.53,4.01
BLD-HQ-01,MAIN,2026-06-09T01:00:00+00:00,43.73,20.79,8.05,10.25,4.64
BLD-HQ-01,MAIN,2026-06-09T02:00:00+00:00,47.44,22.62,7.49,13.24,4.1
BLD-HQ-01,MAIN,2026-06-09T03:00:00+00:00,46.29,24.2,7.92,9.88,4.29
BLD-HQ-01,MAIN,2026-06-09T04:00:00+00:00,47.0,23.02,8.39,10.88,4.7
BLD-HQ-01,MAIN,2026-06-09T05:00:00+00:00,44.82,24.28,7.94,9.48,3.12
BLD-HQ-01,MAIN,2026-06-09T06:00:00+00:00,43.28,22.27,7.58,9.89,3.54
BLD-HQ-01,MAIN,2026-06-09T07:00:00+00:00,41.58,20.0,7.03,10.22,4.34
BLD-HQ-01,MAIN,2026-06-09T08:00:00+00:00,66.63,33.48,10.87,17.94,4.34
BLD-HQ-01,MAIN,2026-06-09T09:00:00+00:00,65.88,33.75,11.97,16.12,4.04
BLD-HQ-01,MAIN,2026-06-09T10:00:00+00:00,63.56,31.07,10.67,17.24,4.59
BLD-HQ-01,MAIN,2026-06-09T11:00:00+00:00,65.22,31.44,10.3,18.96,4.52
BLD-HQ-01,MAIN,2026-06-09T12:00:00+00:00,64.04,31.17,11.38,18.24,3.24
BLD-HQ-01,MAIN,2026-06-09T13:00:00+00:00,63.7,30.74,11.1,17.56,4.29
BLD-HQ-01,MAIN,2026-06-09T14:00:00+00:00,67.42,32.43,11.2,18.79,5.01
BLD-HQ-01,MAIN,2026-06-09T15:00:00+00:00,62.21,29.38,10.25,19.06,3.52
BLD-HQ-01,MAIN,2026-06-09T16:00:00+00:00,64.93,31.22,11.13,17.98,4.59
BLD-HQ-01,MAIN,2026-06-09T17:00:00+00:00,68.04,33.81,11.21,19.59,3.43
BLD-HQ-01,MAIN,2026-06-09T18:00:00+00:00,66.92,32.88,10.78,18.71,4.55
BLD-HQ-01,MAIN,2026-06-09T19:00:00+00:00,48.22,23.51,8.18,12.1,4.43
BLD-HQ-01,MAIN,2026-06-09T20:00:00+00:00,48.49,24.97,8.14,11.3,4.07
BLD-HQ-01,MAIN,2026-06-09T21:00:00+00:00,46.11,21.87,8.05,12.0,4.2
BLD-HQ-01,MAIN,2026-06-09T22:00:00+00:00,45.21,23.19,7.78,9.87,4.37
BLD-HQ-01,MAIN,2026-06-09T23:00:00+00:00,48.64,25.14,7.88,11.82,3.8
BLD-HQ-01,MAIN,2026-06-10T00:00:00+00:00,47.0,22.76,7.92,12.23,4.09
BLD-HQ-01,MAIN,2026-06-10T01:00:00+00:00,46.23,23.16,8.0,11.28,3.8
BLD-HQ-01,MAIN,2026-06-10T02:00:00+00:00,46.6,23.1,7.33,12.93,3.24
BLD-HQ-01,MAIN,2026-06-10T03:00:00+00:00,45.21,23.45,7.43,11.34,2.98
BLD-HQ-01,MAIN,2026-06-10T04:00:00+00:00,43.61,22.07,8.88,9.76,2.9
BLD-HQ-01,MAIN,2026-06-10T05:00:00+00:00,49.72,23.87,8.34,12.85,4.66
BLD-HQ-01,MAIN,2026-06-10T06:00:00+00:00,48.75,23.88,7.69,13.72,3.46
BLD-HQ-01,MAIN,2026-06-10T07:00:00+00:00,46.19,24.25,7.63,10.65,3.67
BLD-HQ-01,MAIN,2026-06-10T08:00:00+00:00,64.45,30.12,11.87,17.9,4.56
BLD-HQ-01,MAIN,2026-06-10T09:00:00+00:00,66.48,32.4,10.86,18.85,4.36
BLD-HQ-01,MAIN,2026-06-10T10:00:00+00:00,67.35,32.96,11.8,18.24,4.35
BLD-HQ-01,MAIN,2026-06-10T11:00:00+00:00,63.5,30.45,10.97,18.45,3.62
BLD-HQ-01,MAIN,2026-06-10T12:00:00+00:00,63.89,31.94,10.14,18.15,3.66
BLD-HQ-01,MAIN,2026-06-10T13:00:00+00:00,64.3,31.05,11.6,17.67,3.99
BLD-HQ-01,MAIN,2026-06-10T14:00:00+00:00,61.35,31.32,9.55,16.1,4.38
BLD-HQ-01,MAIN,2026-06-10T15:00:00+00:00,65.53,32.56,11.29,17.97,3.71
BLD-HQ-01,MAIN,2026-06-10T16:00:00+00:00,66.54,31.99,10.3,19.8,4.44
BLD-HQ-01,MAIN,2026-06-10T17:00:00+00:00,63.34,30.69,11.02,17.68,3.96
BLD-HQ-01,MAIN,2026-06-10T18:00:00+00:00,65.81,30.5,10.83,20.16,4.32
BLD-HQ-01,MAIN,2026-06-10T19:00:00+00:00,45.07,22.16,7.48,11.83,3.6
BLD-HQ-01,MAIN,2026-06-10T20:00:00+00:00,46.89,22.99,7.36,12.34,4.2
BLD-HQ-01,MAIN,2026-06-10T21:00:00+00:00,46.55,22.03,8.4,11.64,4.48
BLD-HQ-01,MAIN,2026-06-10T22:00:00+00:00,51.03,26.01,7.34,13.58,4.1
BLD-HQ-01,MAIN,2026-06-10T23:00:00+00:00,45.59,21.35,7.43,12.24,4.56
BLD-HQ-01,MAIN,2026-06-11T00:00:00+00:00,49.11,25.49,8.01,11.55,4.06
BLD-HQ-01,MAIN,2026-06-11T01:00:00+00:00,46.78,22.15,7.88,12.81,3.94
BLD-HQ-01,MAIN,2026-06-11T02:00:00+00:00,44.17,22.18,8.69,10.03,3.27
BLD-HQ-01,MAIN,2026-06-11T03:00:00+00:00,45.77,20.56,8.95,11.37,4.89
BLD-HQ-01,MAIN,2026-06-11T04:00:00+00:00,46.42,22.64,8.28,12.28,3.21
BLD-HQ-01,MAIN,2026-06-11T05:00:00+00:00,48.24,23.7,7.0,13.15,4.39
BLD-HQ-01,MAIN,2026-06-11T06:00:00+00:00,46.05,23.64,7.91,10.84,3.66
BLD-HQ-01,MAIN,2026-06-11T07:00:00+00:00,44.46,23.39,7.58,9.52,3.97
BLD-HQ-01,MAIN,2026-06-11T08:00:00+00:00,64.96,33.16,9.29,19.38,3.13
BLD-HQ-01,MAIN,2026-06-11T09:00:00+00:00,65.86,32.56,10.95,18.97,3.38
BLD-HQ-01,MAIN,2026-06-11T10:00:00+00:00,64.69,31.3,11.21,17.94,4.24
BLD-HQ-01,MAIN,2026-06-11T11:00:00+00:00,62.32,28.86,11.15,17.69,4.62
BLD-HQ-01,MAIN,2026-06-11T12:00:00+00:00,67.17,34.25,11.51,17.58,3.83
BLD-HQ-01,MAIN,2026-06-11T13:00:00+00:00,68.42,33.27,11.73,19.46,3.96
BLD-HQ-01,MAIN,2026-06-11T14:00:00+00:00,66.28,33.55,11.14,17.69,3.9
BLD-HQ-01,MAIN,2026-06-11T15:00:00+00:00,63.99,32.07,10.59,17.84,3.48
BLD-HQ-01,MAIN,2026-06-11T16:00:00+00:00,65.19,32.12,9.8,19.1,4.17
BLD-HQ-01,MAIN,2026-06-11T17:00:00+00:00,62.77,28.85,12.76,16.95,4.2
BLD-HQ-01,MAIN,2026-06-11T18:00:00+00:00,66.25,33.66,10.38,18.74,3.47
BLD-HQ-01,MAIN,2026-06-11T19:00:00+00:00,47.38,23.31,7.36,12.79,3.92
BLD-HQ-01,MAIN,2026-06-11T20:00:00+00:00,48.12,24.21,8.05,11.68,4.18
BLD-HQ-01,MAIN,2026-06-11T21:00:00+00:00,47.27,24.34,7.93,10.96,4.03
BLD-HQ-01,MAIN,2026-06-11T22:00:00+00:00,48.72,24.56,8.46,12.27,3.43
BLD-HQ-01,MAIN,2026-06-11T23:00:00+00:00,46.25,21.74,7.93,12.71,3.87
BLD-HQ-01,MAIN,2026-06-12T00:00:00+00:00,49.03,25.32,8.02,11.21,4.48
BLD-HQ-01,MAIN,2026-06-12T01:00:00+00:00,49.25,24.47,8.09,12.37,4.32
BLD-HQ-01,MAIN,2026-06-12T02:00:00+00:00,45.8,22.67,7.83,11.29,4.01
BLD-HQ-01,MAIN,2026-06-12T03:00:00+00:00,42.96,20.98,6.76,10.44,4.78
BLD-HQ-01,MAIN,2026-06-12T04:00:00+00:00,46.87,21.94,6.96,13.47,4.5
BLD-HQ-01,MAIN,2026-06-12T05:00:00+00:00,43.0,19.53,7.34,11.57,4.56
BLD-HQ-01,MAIN,2026-06-12T06:00:00+00:00,45.53,20.82,6.76,12.73,5.22
BLD-HQ-01,MAIN,2026-06-12T07:00:00+00:00,47.41,23.92,8.1,11.2,4.2
BLD-HQ-01,MAIN,2026-06-12T08:00:00+00:00,61.62,30.87,10.83,15.97,3.95
BLD-HQ-01,MAIN,2026-06-12T09:00:00+00:00,63.99,33.46,10.63,15.71,4.2
BLD-HQ-01,MAIN,2026-06-12T10:00:00+00:00,62.79,30.52,11.56,16.82,3.89
BLD-HQ-01,MAIN,2026-06-12T11:00:00+00:00,66.2,30.55,11.33,20.22,4.11
BLD-HQ-01,MAIN,2026-06-12T12:00:00+00:00,63.13,29.61,11.26,17.98,4.28
BLD-HQ-01,MAIN,2026-06-12T13:00:00+00:00,64.81,31.13,11.04,18.57,4.07
BLD-HQ-01,MAIN,2026-06-12T14:00:00+00:00,63.92,32.07,11.02,17.16,3.67
BLD-HQ-01,MAIN,2026-06-12T15:00:00+00:00,66.59,33.72,10.82,17.67,4.38
BLD-HQ-01,MAIN,2026-06-12T16:00:00+00:00,64.73,30.92,11.54,17.65,4.62
BLD-HQ-01,MAIN,2026-06-12T17:00:00+00:00,66.94,32.36,10.53,20.67,3.38
BLD-HQ-01,MAIN,2026-06-12T18:00:00+00:00,65.91,32.95,11.25,17.78,3.94
BLD-HQ-01,MAIN,2026-06-12T19:00:00+00:00,47.25,24.74,8.72,9.66,4.13
BLD-HQ-01,MAIN,2026-06-12T20:00:00+00:00,47.42,22.77,9.3,10.54,4.82
BLD-HQ-01,MAIN,2026-06-12T21:00:00+00:00,48.37,24.36,8.41,11.86,3.73
BLD-HQ-01,MAIN,2026-06-12T22:00:00+00:00,44.25,22.33,7.63,10.8,3.49
BLD-HQ-01,MAIN,2026-06-12T23:00:00+00:00,44.26,22.02,7.63,10.59,4.02
BLD-HQ-01,MAIN,2026-06-13T00:00:00+00:00,39.28,19.82,5.59,9.45,4.42
BLD-HQ-01,MAIN,2026-06-13T01:00:00+00:00,38.35,17.71,5.78,9.88,4.97
BLD-HQ-01,MAIN,2026-06-13T02:00:00+00:00,38.66,18.41,6.49,9.72,4.04
BLD-HQ-01,MAIN,2026-06-13T03:00:00+00:00,36.88,17.98,6.9,7.95,4.04
BLD-HQ-01,MAIN,2026-06-13T04:00:00+00:00,40.3,18.37,7.27,10.36,4.3
BLD-HQ-01,MAIN,2026-06-13T05:00:00+00:00,37.88,18.67,5.68,9.14,4.39
BLD-HQ-01,MAIN,2026-06-13T06:00:00+00:00,42.84,22.95,6.76,9.28,3.85
BLD-HQ-01,MAIN,2026-06-13T07:00:00+00:00,38.42,20.23,6.87,7.77,3.56
BLD-HQ-01,MAIN,2026-06-13T08:00:00+00:00,39.85,19.45,7.8,9.68,2.92
BLD-HQ-01,MAIN,2026-06-13T09:00:00+00:00,46.27,23.45,7.52,11.3,4.0
BLD-HQ-01,MAIN,2026-06-13T10:00:00+00:00,45.72,22.32,7.44,12.1,3.85
BLD-HQ-01,MAIN,2026-06-13T11:00:00+00:00,45.19,23.05,7.86,10.39,3.88
BLD-HQ-01,MAIN,2026-06-13T12:00:00+00:00,44.99,23.0,6.96,11.03,4.0
BLD-HQ-01,MAIN,2026-06-13T13:00:00+00:00,47.29,21.86,7.62,13.96,3.85
BLD-HQ-01,MAIN,2026-06-13T14:00:00+00:00,42.5,22.22,6.71,9.72,3.85
BLD-HQ-01,MAIN,2026-06-13T15:00:00+00:00,43.01,22.96,7.53,8.84,3.68
BLD-HQ-01,MAIN,2026-06-13T16:00:00+00:00,42.05,20.79,7.41,9.55,4.3
BLD-HQ-01,MAIN,2026-06-13T17:00:00+00:00,42.64,20.75,7.75,10.17,3.97
BLD-HQ-01,MAIN,2026-06-13T18:00:00+00:00,43.83,22.42,7.3,10.26,3.85
BLD-HQ-01,MAIN,2026-06-13T19:00:00+00:00,37.25,19.49,6.09,7.21,4.46
BLD-HQ-01,MAIN,2026-06-13T20:00:00+00:00,34.02,15.64,7.09,7.41,3.89
BLD-HQ-01,MAIN,2026-06-13T21:00:00+00:00,60.19,39.36,6.34,10.1,4.38
BLD-HQ-01,MAIN,2026-06-13T22:00:00+00:00,39.09,18.88,6.52,10.09,3.6
BLD-HQ-01,MAIN,2026-06-13T23:00:00+00:00,37.21,17.25,6.64,9.03,4.29
BLD-HQ-01,MAIN,2026-06-14T00:00:00+00:00,35.89,16.53,7.76,7.62,3.98
BLD-HQ-01,MAIN,2026-06-14T01:00:00+00:00,37.36,19.21,7.55,7.4,3.19
BLD-HQ-01,MAIN,2026-06-14T02:00:00+00:00,40.41,19.9,6.65,10.42,3.44
BLD-HQ-01,MAIN,2026-06-14T03:00:00+00:00,42.06,20.49,6.23,11.64,3.7
BLD-HQ-01,MAIN,2026-06-14T04:00:00+00:00,39.26,19.88,7.0,8.28,4.08
BLD-HQ-01,MAIN,2026-06-14T05:00:00+00:00,41.81,20.16,6.12,11.47,4.07
BLD-HQ-01,MAIN,2026-06-14T06:00:00+00:00,38.81,19.83,6.25,8.09,4.65
BLD-HQ-01,MAIN,2026-06-14T07:00:00+00:00,39.46,21.27,6.13,7.79,4.27
BLD-HQ-01,MAIN,2026-06-14T08:00:00+00:00,44.2,22.62,7.08,10.06,4.44
BLD-HQ-01,MAIN,2026-06-14T09:00:00+00:00,44.78,23.69,7.05,9.29,4.75
BLD-HQ-01,MAIN,2026-06-14T10:00:00+00:00,45.95,22.62,6.94,11.77,4.61
BLD-HQ-01,MAIN,2026-06-14T11:00:00+00:00,44.49,21.23,8.06,11.07,4.13
BLD-HQ-01,MAIN,2026-06-14T12:00:00+00:00,45.33,23.32,7.86,9.98,4.18
BLD-HQ-01,MAIN,2026-06-14T13:00:00+00:00,43.87,20.63,6.32,13.47,3.45
BLD-HQ-01,MAIN,2026-06-14T14:00:00+00:00,43.95,21.47,7.3,11.25,3.92
BLD-HQ-01,MAIN,2026-06-14T15:00:00+00:00,45.58,23.49,7.15,10.8,4.14
BLD-HQ-01,MAIN,2026-06-14T16:00:00+00:00,47.87,24.02,7.42,12.07,4.37
BLD-HQ-01,MAIN,2026-06-14T17:00:00+00:00,44.35,22.47,6.72,11.48,3.67
BLD-HQ-01,MAIN,2026-06-14T18:00:00+00:00,44.81,22.25,6.6,11.59,4.36
BLD-HQ-01,MAIN,2026-06-14T19:00:00+00:00,40.77,19.83,8.09,9.73,3.12
BLD-HQ-01,MAIN,2026-06-14T20:00:00+00:00,39.57,19.96,7.07,8.3,4.24
BLD-HQ-01,MAIN,2026-06-14T21:00:00+00:00,37.82,19.16,6.01,8.35,4.29
BLD-HQ-01,MAIN,2026-06-14T22:00:00+00:00,39.82,20.55,7.39,8.43,3.44
BLD-HQ-01,MAIN,2026-06-14T23:00:00+00:00,38.24,19.27,6.53,8.11,4.32
BLD-HQ-01,MAIN,2026-06-15T00:00:00+00:00,42.36,20.73,7.09,10.95,3.59
BLD-HQ-01,MAIN,2026-06-15T01:00:00+00:00,49.24,25.49,7.51,11.77,4.47
BLD-HQ-01,MAIN,2026-06-15T02:00:00+00:00,49.33,25.42,7.3,12.9,3.71
BLD-HQ-01,MAIN,2026-06-15T03:00:00+00:00,46.27,22.07,9.28,10.82,4.09
BLD-HQ-01,MAIN,2026-06-15T04:00:00+00:00,52.51,25.69,8.88,13.46,4.48
BLD-HQ-01,MAIN,2026-06-15T05:00:00+00:00,46.0,24.07,7.42,10.52,4.0
BLD-HQ-01,MAIN,2026-06-15T06:00:00+00:00,48.91,24.57,7.36,12.64,4.34
BLD-HQ-01,MAIN,2026-06-15T07:00:00+00:00,42.53,21.19,7.63,10.64,3.07
BLD-HQ-01,MAIN,2026-06-15T08:00:00+00:00,65.42,32.72,10.18,18.23,4.29
BLD-HQ-01,MAIN,2026-06-15T09:00:00+00:00,66.43,33.83,11.35,17.73,3.52
BLD-HQ-01,MAIN,2026-06-15T10:00:00+00:00,64.31,33.8,9.84,16.5,4.17
BLD-HQ-01,MAIN,2026-06-15T11:00:00+00:00,64.46,32.21,9.94,18.39,3.93
BLD-HQ-01,MAIN,2026-06-15T12:00:00+00:00,66.19,33.55,10.88,17.56,4.2
BLD-HQ-01,MAIN,2026-06-15T13:00:00+00:00,62.37,30.25,9.28,17.97,4.89
BLD-HQ-01,MAIN,2026-06-15T14:00:00+00:00,66.69,33.35,11.47,18.43,3.45
BLD-HQ-01,MAIN,2026-06-15T15:00:00+00:00,66.66,33.15,11.74,17.88,3.9
BLD-HQ-01,MAIN,2026-06-15T16:00:00+00:00,63.93,32.53,10.87,16.99,3.54
BLD-HQ-01,MAIN,2026-06-15T17:00:00+00:00,66.68,34.24,10.84,17.97,3.63
BLD-HQ-01,MAIN,2026-06-15T18:00:00+00:00,61.85,32.15,10.32,15.88,3.49
BLD-HQ-01,MAIN,2026-06-15T19:00:00+00:00,44.42,23.0,8.06,9.62,3.74
BLD-HQ-01,MAIN,2026-06-15T20:00:00+00:00,44.43,21.23,8.09,9.9,5.21
BLD-HQ-01,MAIN,2026-06-15T21:00:00+00:00,43.14,20.48,8.45,10.62,3.59
BLD-HQ-01,MAIN,2026-06-15T22:00:00+00:00,49.0,24.43,9.35,11.15,4.08
BLD-HQ-01,MAIN,2026-06-15T23:00:00+00:00,42.21,21.66,7.8,10.21,2.54
BLD-HQ-01,MAIN,2026-06-16T00:00:00+00:00,48.29,22.23,8.96,13.62,3.48
BLD-HQ-01,MAIN,2026-06-16T01:00:00+00:00,46.21,22.93,7.31,11.28,4.69
BLD-HQ-01,MAIN,2026-06-16T02:00:00+00:00,44.46,21.96,8.11,10.65,3.74
BLD-HQ-01,MAIN,2026-06-16T03:00:00+00:00,47.57,23.08,8.72,11.89,3.87
BLD-HQ-01,MAIN,2026-06-16T04:00:00+00:00,46.28,22.36,8.06,11.88,3.98
BLD-HQ-01,MAIN,2026-06-16T05:00:00+00:00,48.81,24.22,7.7,11.28,5.6
BLD-HQ-01,MAIN,2026-06-16T06:00:00+00:00,49.3,24.46,8.05,13.07,3.72
BLD-HQ-01,MAIN,2026-06-16T07:00:00+00:00,46.23,23.07,6.89,12.6,3.67
BLD-HQ-01,MAIN,2026-06-16T08:00:00+00:00,67.93,33.78,11.32,18.92,3.9
BLD-HQ-01,MAIN,2026-06-16T09:00:00+00:00,64.96,32.73,10.49,17.23,4.51
BLD-HQ-01,MAIN,2026-06-16T10:00:00+00:00,63.98,31.6,11.29,17.34,3.74
BLD-HQ-01,MAIN,2026-06-16T11:00:00+00:00,65.76,30.57,11.25,20.48,3.47
BLD-HQ-01,MAIN,2026-06-16T12:00:00+00:00,66.06,32.29,11.14,18.63,4.0
BLD-HQ-01,MAIN,2026-06-16T13:00:00+00:00,63.93,30.41,11.26,17.78,4.49
BLD-HQ-01,MAIN,2026-06-16T14:00:00+00:00,67.15,32.05,10.84,20.15,4.11
BLD-HQ-01,MAIN,2026-06-16T15:00:00+00:00,65.34,32.29,10.79,18.41,3.85
BLD-HQ-01,MAIN,2026-06-16T16:00:00+00:00,66.58,34.71,11.21,17.64,3.02
BLD-HQ-01,MAIN,2026-06-16T17:00:00+00:00,63.0,28.82,10.64,19.56,3.99
BLD-HQ-01,MAIN,2026-06-16T18:00:00+00:00,64.43,32.82,10.5,17.32,3.79
BLD-HQ-01,MAIN,2026-06-16T19:00:00+00:00,50.6,25.32,7.56,12.96,4.76
BLD-HQ-01,MAIN,2026-06-16T20:00:00+00:00,46.84,22.75,8.49,11.55,4.07
BLD-HQ-01,MAIN,2026-06-16T21:00:00+00:00,44.64,21.13,8.46,10.94,4.1
BLD-HQ-01,MAIN,2026-06-16T22:00:00+00:00,45.64,22.3,8.06,10.89,4.39
BLD-HQ-01,MAIN,2026-06-16T23:00:00+00:00,45.96,23.09,8.91,10.3,3.66
BLD-HQ-01,MAIN,2026-06-17T00:00:00+00:00,48.11,24.44,6.96,12.37,4.33
BLD-HQ-01,MAIN,2026-06-17T01:00:00+00:00,48.38,23.51,7.61,12.31,4.95
BLD-HQ-01,MAIN,2026-06-17T02:00:00+00:00,42.95,20.34,6.38,11.67,4.55
BLD-HQ-01,MAIN,2026-06-17T03:00:00+00:00,45.79,22.1,7.7,11.9,4.1
BLD-HQ-01,MAIN,2026-06-17T04:00:00+00:00,46.34,22.25,8.2,11.74,4.16
BLD-HQ-01,MAIN,2026-06-17T05:00:00+00:00,45.16,21.5,8.4,10.86,4.4
BLD-HQ-01,MAIN,2026-06-17T06:00:00+00:00,45.22,23.41,7.36,10.41,4.05
BLD-HQ-01,MAIN,2026-06-17T07:00:00+00:00,46.09,22.87,7.57,12.46,3.19
BLD-HQ-01,MAIN,2026-06-17T08:00:00+00:00,67.02,33.58,10.48,18.51,4.45
BLD-HQ-01,MAIN,2026-06-17T09:00:00+00:00,65.41,31.84,10.9,18.08,4.58
BLD-HQ-01,MAIN,2026-06-17T10:00:00+00:00,66.86,32.52,11.7,18.32,4.32
BLD-HQ-01,MAIN,2026-06-17T11:00:00+00:00,62.98,32.28,11.6,14.76,4.34
BLD-HQ-01,MAIN,2026-06-17T12:00:00+00:00,68.18,34.21,10.79,19.06,4.12
BLD-HQ-01,MAIN,2026-06-17T13:00:00+00:00,70.55,34.42,11.79,19.97,4.37
BLD-HQ-01,MAIN,2026-06-17T14:00:00+00:00,62.06,30.55,11.02,17.69,2.8
BLD-HQ-01,MAIN,2026-06-17T15:00:00+00:00,66.42,32.18,11.33,18.05,4.85
BLD-HQ-01,MAIN,2026-06-17T16:00:00+00:00,63.1,31.84,10.89,17.47,2.9
BLD-HQ-01,MAIN,2026-06-17T17:00:00+00:00,62.21,31.36,10.58,16.31,3.96
BLD-HQ-01,MAIN,2026-06-17T18:00:00+00:00,85.44,53.08,10.6,17.75,4.0
BLD-HQ-01,MAIN,2026-06-17T19:00:00+00:00,49.37,24.53,7.4,12.08,5.37
BLD-HQ-01,MAIN,2026-06-17T20:00:00+00:00,46.19,22.66,8.15,11.76,3.62
BLD-HQ-01,MAIN,2026-06-17T21:00:00+00:00,45.52,23.06,6.45,11.48,4.54
BLD-HQ-01,MAIN,2026-06-17T22:00:00+00:00,41.22,21.84,6.84,9.34,3.21
BLD-HQ-01,MAIN,2026-06-17T23:00:00+00:00,49.06,24.06,8.67,12.61,3.73
BLD-HQ-01,MAIN,2026-06-18T00:00:00+00:00,47.9,22.18,7.84,13.43,4.45
BLD-HQ-01,MAIN,2026-06-18T01:00:00+00:00,42.36,21.65,6.42,10.43,3.85
BLD-HQ-01,MAIN,2026-06-18T02:00:00+00:00,45.4,22.7,7.8,11.23,3.67
BLD-HQ-01,MAIN,2026-06-18T03:00:00+00:00,73.51,49.03,8.44,12.91,3.13
BLD-HQ-01,MAIN,2026-06-18T04:00:00+00:00,47.69,23.21,8.21,11.96,4.32
BLD-HQ-01,MAIN,2026-06-18T05:00:00+00:00,44.36,21.18,7.82,11.46,3.9
BLD-HQ-01,MAIN,2026-06-18T06:00:00+00:00,47.89,26.92,7.46,9.15,4.37
BLD-HQ-01,MAIN,2026-06-18T07:00:00+00:00,47.97,24.35,8.01,10.72,4.89
BLD-HQ-01,MAIN,2026-06-18T08:00:00+00:00,63.33,30.58,10.34,17.68,4.72
BLD-HQ-01,MAIN,2026-06-18T09:00:00+00:00,65.83,32.43,11.16,17.84,4.41
BLD-HQ-01,MAIN,2026-06-18T10:00:00+00:00,65.24,29.25,11.7,19.9,4.39
BLD-HQ-01,MAIN,2026-06-18T11:00:00+00:00,61.68,30.36,10.75,16.67,3.89
BLD-HQ-01,MAIN,2026-06-18T12:00:00+00:00,63.27,30.55,10.74,18.06,3.92
BLD-HQ-01,MAIN,2026-06-18T13:00:00+00:00,61.61,31.16,10.87,15.98,3.6
BLD-HQ-01,MAIN,2026-06-18T14:00:00+00:00,65.36,29.56,11.76,20.27,3.77
BLD-HQ-01,MAIN,2026-06-18T15:00:00+00:00,64.94,31.29,10.99,18.66,4.0
BLD-HQ-01,MAIN,2026-06-18T16:00:00+00:00,60.79,30.35,10.78,15.84,3.82
BLD-HQ-01,MAIN,2026-06-18T17:00:00+00:00,67.44,33.05,10.8,19.41,4.18
BLD-HQ-01,MAIN,2026-06-18T18:00:00+00:00,61.41,29.69,10.11,18.63,2.98
BLD-HQ-01,MAIN,2026-06-18T19:00:00+00:00,51.1,25.5,9.09,12.27,4.25
BLD-HQ-01,MAIN,2026-06-18T20:00:00+00:00,42.08,21.3,7.23,9.99,3.57
BLD-HQ-01,MAIN,2026-06-18T21:00:00+00:00,42.46,19.93,8.2,10.21,4.12
BLD-HQ-01,MAIN,2026-06-18T22:00:00+00:00,48.04,22.59,9.15,11.85,4.45
BLD-HQ-01,MAIN,2026-06-18T23:00:00+00:00,43.99,21.06,8.05,10.94,3.95
BLD-HQ-01,MAIN,2026-06-19T00:00:00+00:00,45.21,20.61,7.89,11.82,4.88
BLD-HQ-01,MAIN,2026-06-19T01:00:00+00:00,46.53,23.36,7.52,11.82,3.83
BLD-HQ-01,MAIN,2026-06-19T02:00:00+00:00,45.44,22.71,7.05,11.48,4.2
BLD-HQ-01,MAIN,2026-06-19T03:00:00+00:00,42.83,20.24,8.51,10.41,3.67
BLD-HQ-01,MAIN,2026-06-19T04:00:00+00:00,48.18,23.26,6.3,14.76,3.87
BLD-HQ-01,MAIN,2026-06-19T05:00:00+00:00,47.19,22.82,7.92,12.13,4.32
BLD-HQ-01,MAIN,2026-06-19T06:00:00+00:00,48.12,24.65,7.63,11.34,4.5
BLD-HQ-01,MAIN,2026-06-19T07:00:00+00:00,47.03,23.88,7.87,11.48,3.81
BLD-HQ-01,MAIN,2026-06-19T08:00:00+00:00,66.22,33.43,11.66,17.51,3.63
BLD-HQ-01,MAIN,2026-06-19T09:00:00+00:00,65.98,31.06,11.52,19.14,4.26
BLD-HQ-01,MAIN,2026-06-19T10:00:00+00:00,66.41,32.77,11.43,18.51,3.7
BLD-HQ-01,MAIN,2026-06-19T11:00:00+00:00,68.17,33.78,11.42,18.42,4.54
BLD-HQ-01,MAIN,2026-06-19T12:00:00+00:00,60.97,30.77,10.99,16.03,3.18
BLD-HQ-01,MAIN,2026-06-19T13:00:00+00:00,61.46,30.81,10.82,15.73,4.11
BLD-HQ-01,MAIN,2026-06-19T14:00:00+00:00,67.01,34.18,11.0,17.78,4.04
BLD-HQ-01,MAIN,2026-06-19T15:00:00+00:00,60.74,29.59,10.54,17.08,3.53
BLD-HQ-01,MAIN,2026-06-19T16:00:00+00:00,65.17,31.77,11.42,17.67,4.32
BLD-HQ-01,MAIN,2026-06-19T17:00:00+00:00,65.42,32.95,10.26,18.07,4.14
BLD-HQ-01,MAIN,2026-06-19T18:00:00+00:00,64.43,30.72,11.2,18.01,4.5
BLD-HQ-01,MAIN,2026-06-19T19:00:00+00:00,49.6,25.6,8.49,11.75,3.75
BLD-HQ-01,MAIN,2026-06-19T20:00:00+00:00,48.72,24.17,8.09,11.78,4.68
BLD-HQ-01,MAIN,2026-06-19T21:00:00+00:00,45.52,23.49,7.44,11.47,3.12
BLD-HQ-01,MAIN,2026-06-19T22:00:00+00:00,45.34,23.4,7.18,10.75,4.01
BLD-HQ-01,MAIN,2026-06-19T23:00:00+00:00,46.31,22.41,7.84,12.49,3.57
BLD-HQ-01,MAIN,2026-06-20T00:00:00+00:00,38.8,19.06,6.06,9.92,3.76
BLD-HQ-01,MAIN,2026-06-20T01:00:00+00:00,40.51,19.86,6.64,10.07,3.93
BLD-HQ-01,MAIN,2026-06-20T02:00:00+00:00,41.35,19.37,7.71,10.93,3.34
BLD-HQ-01,MAIN,2026-06-20T03:00:00+00:00,41.44,20.92,7.27,9.16,4.1
BLD-HQ-01,MAIN,2026-06-20T04:00:00+00:00,38.72,19.77,6.35,8.52,4.07
BLD-HQ-01,MAIN,2026-06-20T05:00:00+00:00,36.53,19.47,6.89,7.32,2.85
BLD-HQ-01,MAIN,2026-06-20T06:00:00+00:00,37.41,17.36,5.68,10.53,3.84
BLD-HQ-01,MAIN,2026-06-20T07:00:00+00:00,40.5,20.4,5.84,10.3,3.96
BLD-HQ-01,MAIN,2026-06-20T08:00:00+00:00,46.02,23.66,8.46,10.11,3.79
BLD-HQ-01,MAIN,2026-06-20T09:00:00+00:00,43.46,20.9,8.18,9.57,4.82
BLD-HQ-01,MAIN,2026-06-20T10:00:00+00:00,43.14,22.49,7.41,9.95,3.29
BLD-HQ-01,MAIN,2026-06-20T11:00:00+00:00,63.21,40.68,6.9,11.89,3.74
BLD-HQ-01,MAIN,2026-06-20T12:00:00+00:00,40.59,21.86,6.9,7.93,3.9
BLD-HQ-01,MAIN,2026-06-20T13:00:00+00:00,45.22,22.08,7.51,11.65,3.98
BLD-HQ-01,MAIN,2026-06-20T14:00:00+00:00,44.81,20.43,8.17,11.86,4.36
BLD-HQ-01,MAIN,2026-06-20T15:00:00+00:00,45.26,21.84,7.62,12.18,3.63
BLD-HQ-01,MAIN,2026-06-20T16:00:00+00:00,42.18,20.34,6.62,11.2,4.03
BLD-HQ-01,MAIN,2026-06-20T17:00:00+00:00,42.92,23.21,7.91,8.27,3.53
BLD-HQ-01,MAIN,2026-06-20T18:00:00+00:00,44.18,22.05,6.51,10.79,4.83
BLD-HQ-01,MAIN,2026-06-20T19:00:00+00:00,39.31,20.28,6.56,8.8,3.67
BLD-HQ-01,MAIN,2026-06-20T20:00:00+00:00,40.11,18.91,6.33,10.59,4.28
BLD-HQ-01,MAIN,2026-06-20T21:00:00+00:00,38.54,19.96,6.3,7.49,4.79
BLD-HQ-01,MAIN,2026-06-20T22:00:00+00:00,37.03,18.25,5.77,8.77,4.23
BLD-HQ-01,MAIN,2026-06-20T23:00:00+00:00,38.53,19.97,6.9,7.74,3.92
BLD-HQ-01,MAIN,2026-06-21T00:00:00+00:00,39.18,17.06,6.64,11.48,4.0
BLD-HQ-01,MAIN,2026-06-21T01:00:00+00:00,41.61,20.73,6.15,11.68,3.05
BLD-HQ-01,MAIN,2026-06-21T02:00:00+00:00,36.53,17.33,6.37,8.53,4.29
BLD-HQ-01,MAIN,2026-06-21T03:00:00+00:00,38.0,19.54,6.72,8.54,3.19
BLD-HQ-01,MAIN,2026-06-21T04:00:00+00:00,39.45,19.75,6.13,9.56,4.01
BLD-HQ-01,MAIN,2026-06-21T05:00:00+00:00,37.43,19.34,5.78,7.9,4.42
BLD-HQ-01,MAIN,2026-06-21T06:00:00+00:00,39.85,18.04,6.81,10.83,4.18
BLD-HQ-01,MAIN,2026-06-21T07:00:00+00:00,39.97,20.4,6.4,9.8,3.37
BLD-HQ-01,MAIN,2026-06-21T08:00:00+00:00,45.32,23.52,7.23,10.44,4.13
BLD-HQ-01,MAIN,2026-06-21T09:00:00+00:00,43.59,22.17,7.21,10.04,4.17
BLD-HQ-01,MAIN,2026-06-21T10:00:00+00:00,45.59,23.32,7.39,10.22,4.66
BLD-HQ-01,MAIN,2026-06-21T11:00:00+00:00,45.58,22.57,7.59,11.12,4.29
BLD-HQ-01,MAIN,2026-06-21T12:00:00+00:00,42.23,21.17,7.97,8.64,4.45
BLD-HQ-01,MAIN,2026-06-21T13:00:00+00:00,41.46,21.13,7.14,9.17,4.02
BLD-HQ-01,MAIN,2026-06-21T14:00:00+00:00,44.92,21.59,7.91,11.13,4.29
BLD-HQ-01,MAIN,2026-06-21T15:00:00+00:00,46.62,23.02,9.08,10.03,4.48
BLD-HQ-01,MAIN,2026-06-21T16:00:00+00:00,45.57,21.92,8.05,10.85,4.76
BLD-HQ-01,MAIN,2026-06-21T17:00:00+00:00,43.34,22.81,6.7,10.34,3.49
BLD-HQ-01,MAIN,2026-06-21T18:00:00+00:00,41.64,18.29,7.62,11.52,4.2
BLD-HQ-01,MAIN,2026-06-21T19:00:00+00:00,40.11,21.03,6.97,7.91,4.21
BLD-HQ-01,MAIN,2026-06-21T20:00:00+00:00,35.92,16.8,6.72,8.44,3.96
BLD-HQ-01,MAIN,2026-06-21T21:00:00+00:00,37.16,20.51,4.99,8.17,3.49
BLD-HQ-01,MAIN,2026-06-21T22:00:00+00:00,40.41,20.49,5.84,9.85,4.23
BLD-HQ-01,MAIN,2026-06-21T23:00:00+00:00,38.06,17.88,5.81,10.09,4.29
BLD-HQ-01,MAIN,2026-06-22T00:00:00+00:00,47.17,24.08,7.6,10.78,4.71
BLD-HQ-01,MAIN,2026-06-22T01:00:00+00:00,47.74,22.0,7.89,13.66,4.19
BLD-HQ-01,MAIN,2026-06-22T02:00:00+00:00,47.65,23.53,8.59,12.28,3.25
BLD-HQ-01,MAIN,2026-06-22T03:00:00+00:00,47.65,24.36,8.23,11.54,3.52
BLD-HQ-01,MAIN,2026-06-22T04:00:00+00:00,48.04,23.81,7.64,12.14,4.44
BLD-HQ-01,MAIN,2026-06-22T05:00:00+00:00,49.1,24.12,7.71,12.8,4.46
BLD-HQ-01,MAIN,2026-06-22T06:00:00+00:00,45.82,24.16,7.38,10.83,3.45
BLD-HQ-01,MAIN,2026-06-22T07:00:00+00:00,49.1,24.49,8.31,12.26,4.04
BLD-HQ-01,MAIN,2026-06-22T08:00:00+00:00,64.39,30.36,10.77,18.83,4.42
BLD-HQ-01,MAIN,2026-06-22T09:00:00+00:00,65.61,31.91,11.27,18.93,3.5
BLD-HQ-01,MAIN,2026-06-22T10:00:00+00:00,65.46,32.75,11.03,18.01,3.67
BLD-HQ-01,MAIN,2026-06-22T11:00:00+00:00,65.79,31.64,11.16,18.29,4.69
BLD-HQ-01,MAIN,2026-06-22T12:00:00+00:00,64.4,31.28,10.48,18.83,3.8
BLD-HQ-01,MAIN,2026-06-22T13:00:00+00:00,66.79,31.03,11.46,19.33,4.97
BLD-HQ-01,MAIN,2026-06-22T14:00:00+00:00,62.6,31.45,11.09,15.87,4.2
BLD-HQ-01,MAIN,2026-06-22T15:00:00+00:00,66.99,33.87,10.09,19.46,3.57
BLD-HQ-01,MAIN,2026-06-22T16:00:00+00:00,62.45,31.2,9.98,16.66,4.62
BLD-HQ-01,MAIN,2026-06-22T17:00:00+00:00,67.96,32.81,10.91,19.66,4.57
BLD-HQ-01,MAIN,2026-06-22T18:00:00+00:00,63.3,31.46,10.2,17.5,4.13
BLD-HQ-01,MAIN,2026-06-22T19:00:00+00:00,42.83,22.14,6.75,9.91,4.04
BLD-HQ-01,MAIN,2026-06-22T20:00:00+00:00,46.84,22.55,7.2,12.57,4.52
BLD-HQ-01,MAIN,2026-06-22T21:00:00+00:00,42.17,21.24,6.75,10.51,3.67
BLD-HQ-01,MAIN,2026-06-22T22:00:00+00:00,44.45,21.52,7.15,11.75,4.03
BLD-HQ-01,MAIN,2026-06-22T23:00:00+00:00,45.97,22.77,7.86,11.74,3.59
BLD-HQ-01,MAIN,2026-06-23T00:00:00+00:00,45.1,20.95,8.25,12.47,3.43
BLD-HQ-01,MAIN,2026-06-23T01:00:00+00:00,44.36,20.54,8.31,12.29,3.23
BLD-HQ-01,MAIN,2026-06-23T02:00:00+00:00,46.99,23.73,7.95,11.97,3.34
BLD-HQ-01,MAIN,2026-06-23T03:00:00+00:00,45.79,21.6,8.77,11.55,3.87
BLD-HQ-01,MAIN,2026-06-23T04:00:00+00:00,48.15,23.76,7.71,12.85,3.83
BLD-HQ-01,MAIN,2026-06-23T05:00:00+00:00,45.24,21.6,7.67,11.88,4.09
BLD-HQ-01,MAIN,2026-06-23T06:00:00+00:00,47.32,22.24,6.79,13.6,4.69
BLD-HQ-01,MAIN,2026-06-23T07:00:00+00:00,65.55,42.17,7.17,11.93,4.28
BLD-HQ-01,MAIN,2026-06-23T08:00:00+00:00,65.33,30.95,10.48,20.05,3.85
BLD-HQ-01,MAIN,2026-06-23T09:00:00+00:00,65.11,31.13,11.14,18.6,4.24
BLD-HQ-01,MAIN,2026-06-23T10:00:00+00:00,65.06,29.9,11.12,19.7,4.34
BLD-HQ-01,MAIN,2026-06-23T11:00:00+00:00,64.59,30.86,11.02,18.82,3.9
BLD-HQ-01,MAIN,2026-06-23T12:00:00+00:00,63.43,29.42,11.17,18.97,3.87
BLD-HQ-01,MAIN,2026-06-23T13:00:00+00:00,64.27,31.65,11.87,16.39,4.35
BLD-HQ-01,MAIN,2026-06-23T14:00:00+00:00,62.09,29.58,9.78,18.65,4.09
BLD-HQ-01,MAIN,2026-06-23T15:00:00+00:00,64.2,31.18,11.52,17.54,3.98
BLD-HQ-01,MAIN,2026-06-23T16:00:00+00:00,64.91,30.96,11.0,18.95,3.99
BLD-HQ-01,MAIN,2026-06-23T17:00:00+00:00,64.03,31.26,11.87,16.49,4.41
BLD-HQ-01,MAIN,2026-06-23T18:00:00+00:00,65.44,32.81,10.38,18.16,4.08
BLD-HQ-01,MAIN,2026-06-23T19:00:00+00:00,43.57,22.4,7.38,10.2,3.59
BLD-HQ-01,MAIN,2026-06-23T20:00:00+00:00,44.28,19.68,8.07,12.76,3.77
BLD-HQ-01,MAIN,2026-06-23T21:00:00+00:00,46.83,23.72,7.6,11.35,4.16
BLD-HQ-01,MAIN,2026-06-23T22:00:00+00:00,47.42,23.96,7.76,12.78,2.93
BLD-HQ-01,MAIN,2026-06-23T23:00:00+00:00,47.86,23.45,7.56,12.61,4.24
BLD-HQ-01,MAIN,2026-06-24T00:00:00+00:00,45.38,22.32,8.7,10.18,4.18
BLD-HQ-01,MAIN,2026-06-24T01:00:00+00:00,45.78,23.73,7.2,11.0,3.85
BLD-HQ-01,MAIN,2026-06-24T02:00:00+00:00,47.24,23.07,8.8,11.16,4.21
BLD-HQ-01,MAIN,2026-06-24T03:00:00+00:00,48.77,22.57,7.56,14.41,4.22
BLD-HQ-01,MAIN,2026-06-24T04:00:00+00:00,44.34,22.68,7.39,10.62,3.65
BLD-HQ-01,MAIN,2026-06-24T05:00:00+00:00,46.09,24.43,9.0,9.6,3.06
BLD-HQ-01,MAIN,2026-06-24T06:00:00+00:00,47.76,24.53,8.38,11.5,3.35
BLD-HQ-01,MAIN,2026-06-24T07:00:00+00:00,46.02,23.39,8.3,10.28,4.04
BLD-HQ-01,MAIN,2026-06-24T08:00:00+00:00,64.14,31.5,10.53,18.52,3.6
BLD-HQ-01,MAIN,2026-06-24T09:00:00+00:00,65.47,33.29,10.86,18.05,3.28
BLD-HQ-01,MAIN,2026-06-24T10:00:00+00:00,67.39,31.93,10.54,20.43,4.48
BLD-HQ-01,MAIN,2026-06-24T11:00:00+00:00,67.12,32.42,12.06,18.45,4.19
BLD-HQ-01,MAIN,2026-06-24T12:00:00+00:00,62.19,28.87,10.89,17.71,4.72
BLD-HQ-01,MAIN,2026-06-24T13:00:00+00:00,65.02,30.8,10.96,19.48,3.77
BLD-HQ-01,MAIN,2026-06-24T14:00:00+00:00,65.77,31.59,11.56,18.6,4.02
BLD-HQ-01,MAIN,2026-06-24T15:00:00+00:00,65.41,31.09,11.13,19.44,3.75
BLD-HQ-01,MAIN,2026-06-24T16:00:00+00:00,60.73,30.38,10.59,16.49,3.26
BLD-HQ-01,MAIN,2026-06-24T17:00:00+00:00,64.48,31.09,9.68,19.08,4.64
BLD-HQ-01,MAIN,2026-06-24T18:00:00+00:00,67.03,31.69,12.27,18.32,4.76
BLD-HQ-01,MAIN,2026-06-24T19:00:00+00:00,48.95,23.59,8.62,12.35,4.39
BLD-HQ-01,MAIN,2026-06-24T20:00:00+00:00,46.52,21.18,7.78,12.79,4.76
BLD-HQ-01,MAIN,2026-06-24T21:00:00+00:00,45.79,22.24,7.46,11.86,4.23
BLD-HQ-01,MAIN,2026-06-24T22:00:00+00:00,48.92,23.71,8.62,12.44,4.16
BLD-HQ-01,MAIN,2026-06-24T23:00:00+00:00,46.9,21.35,7.99,13.67,3.89
BLD-HQ-01,MAIN,2026-06-25T00:00:00+00:00,43.35,21.95,7.15,10.59,3.66
BLD-HQ-01,MAIN,2026-06-25T01:00:00+00:00,46.39,22.92,8.29,10.41,4.76
BLD-HQ-01,MAIN,2026-06-25T02:00:00+00:00,48.73,24.56,8.11,12.61,3.45
BLD-HQ-01,MAIN,2026-06-25T03:00:00+00:00,44.88,23.16,8.08,10.09,3.55
BLD-HQ-01,MAIN,2026-06-25T04:00:00+00:00,43.53,21.38,8.17,9.67,4.31
BLD-HQ-01,MAIN,2026-06-25T05:00:00+00:00,46.81,23.73,8.13,10.66,4.29
BLD-HQ-01,MAIN,2026-06-25T06:00:00+00:00,45.0,21.48,8.61,10.95,3.97
BLD-HQ-01,MAIN,2026-06-25T07:00:00+00:00,45.72,23.42,6.81,11.61,3.87
BLD-HQ-01,MAIN,2026-06-25T08:00:00+00:00,65.59,33.01,10.82,17.44,4.32
BLD-HQ-01,MAIN,2026-06-25T09:00:00+00:00,65.16,33.14,11.37,16.78,3.88
BLD-HQ-01,MAIN,2026-06-25T10:00:00+00:00,64.61,33.82,10.64,15.83,4.32
BLD-HQ-01,MAIN,2026-06-25T11:00:00+00:00,67.74,32.93,11.8,18.46,4.55
BLD-HQ-01,MAIN,2026-06-25T12:00:00+00:00,69.49,33.45,11.2,19.96,4.88
BLD-HQ-01,MAIN,2026-06-25T13:00:00+00:00,65.19,31.47,11.94,17.02,4.77
BLD-HQ-01,MAIN,2026-06-25T14:00:00+00:00,66.18,33.06,11.1,17.75,4.28
BLD-HQ-01,MAIN,2026-06-25T15:00:00+00:00,65.82,32.94,11.53,17.29,4.06
BLD-HQ-01,MAIN,2026-06-25T16:00:00+00:00,68.08,33.78,11.7,18.67,3.92
BLD-HQ-01,MAIN,2026-06-25T17:00:00+00:00,69.83,34.94,11.0,19.21,4.67
BLD-HQ-01,MAIN,2026-06-25T18:00:00+00:00,63.73,32.61,10.39,16.55,4.19
BLD-HQ-01,MAIN,2026-06-25T19:00:00+00:00,48.58,25.88,7.43,11.1,4.17
BLD-HQ-01,MAIN,2026-06-25T20:00:00+00:00,49.0,23.68,8.55,12.52,4.25
BLD-HQ-01,MAIN,2026-06-25T21:00:00+00:00,43.37,22.97,8.08,8.46,3.85
BLD-HQ-01,MAIN,2026-06-25T22:00:00+00:00,44.56,20.42,8.07,11.68,4.38
BLD-HQ-01,MAIN,2026-06-25T23:00:00+00:00,45.05,22.2,7.66,11.41,3.77
BLD-HQ-01,MAIN,2026-06-26T00:00:00+00:00,48.5,24.3,7.91,11.9,4.4
BLD-HQ-01,MAIN,2026-06-26T01:00:00+00:00,47.37,23.84,7.27,12.57,3.68
BLD-HQ-01,MAIN,2026-06-26T02:00:00+00:00,48.0,23.33,7.79,12.93,3.94
BLD-HQ-01,MAIN,2026-06-26T03:00:00+00:00,44.64,22.13,7.63,11.25,3.63
BLD-HQ-01,MAIN,2026-06-26T04:00:00+00:00,42.55,21.91,7.33,9.42,3.88
BLD-HQ-01,MAIN,2026-06-26T05:00:00+00:00,45.79,22.52,7.61,11.43,4.24
BLD-HQ-01,MAIN,2026-06-26T06:00:00+00:00,44.26,21.98,8.38,10.28,3.62
BLD-HQ-01,MAIN,2026-06-26T07:00:00+00:00,43.76,21.75,6.97,10.95,4.09
BLD-HQ-01,MAIN,2026-06-26T08:00:00+00:00,65.5,31.43,11.2,19.06,3.81
BLD-HQ-01,MAIN,2026-06-26T09:00:00+00:00,64.24,31.95,10.49,18.69,3.11
BLD-HQ-01,MAIN,2026-06-26T10:00:00+00:00,63.33,32.35,10.36,16.6,4.01
BLD-HQ-01,MAIN,2026-06-26T11:00:00+00:00,63.28,31.86,9.93,17.9,3.58
BLD-HQ-01,MAIN,2026-06-26T12:00:00+00:00,63.3,30.22,9.61,18.65,4.82
BLD-HQ-01,MAIN,2026-06-26T13:00:00+00:00,65.45,32.72,11.22,18.47,3.04
BLD-HQ-01,MAIN,2026-06-26T14:00:00+00:00,64.93,30.22,10.7,20.04,3.96
BLD-HQ-01,MAIN,2026-06-26T15:00:00+00:00,67.79,33.87,10.96,19.14,3.82
BLD-HQ-01,MAIN,2026-06-26T16:00:00+00:00,62.61,31.21,9.82,17.41,4.17
BLD-HQ-01,MAIN,2026-06-26T17:00:00+00:00,71.41,34.86,11.98,20.66,3.92
BLD-HQ-01,MAIN,2026-06-26T18:00:00+00:00,61.5,28.85,11.52,16.93,4.2
BLD-HQ-01,MAIN,2026-06-26T19:00:00+00:00,43.77,22.02,7.25,10.77,3.73
BLD-HQ-01,MAIN,2026-06-26T20:00:00+00:00,46.91,23.47,7.64,11.58,4.22
BLD-HQ-01,MAIN,2026-06-26T21:00:00+00:00,46.69,24.73,7.44,10.64,3.88
BLD-HQ-01,MAIN,2026-06-26T22:00:00+00:00,47.17,23.5,8.03,12.12,3.51
BLD-HQ-01,MAIN,2026-06-26T23:00:00+00:00,71.52,49.9,7.57,10.49,3.56
BLD-HQ-01,MAIN,2026-06-27T00:00:00+00:00,40.05,20.27,7.26,8.29,4.23
BLD-HQ-01,MAIN,2026-06-27T01:00:00+00:00,38.8,18.4,6.37,10.04,3.99
BLD-HQ-01,MAIN,2026-06-27T02:00:00+00:00,37.5,18.07,6.12,9.4,3.91
BLD-HQ-01,MAIN,2026-06-27T03:00:00+00:00,40.65,21.86,6.4,9.0,3.39
BLD-HQ-01,MAIN,2026-06-27T04:00:00+00:00,38.82,18.68,7.36,8.59,4.19
BLD-HQ-01,MAIN,2026-06-27T05:00:00+00:00,40.48,18.57,5.86,11.94,4.11
BLD-HQ-01,MAIN,2026-06-27T06:00:00+00:00,40.52,20.23,8.88,6.55,4.86
BLD-HQ-01,MAIN,2026-06-27T07:00:00+00:00,36.39,17.14,6.34,9.35,3.55
BLD-HQ-01,MAIN,2026-06-27T08:00:00+00:00,43.49,21.58,6.82,10.46,4.63
BLD-HQ-01,MAIN,2026-06-27T09:00:00+00:00,45.27,22.69,7.23,11.9,3.44
BLD-HQ-01,MAIN,2026-06-27T10:00:00+00:00,45.6,21.94,7.9,11.12,4.65
BLD-HQ-01,MAIN,2026-06-27T11:00:00+00:00,43.63,21.15,6.78,11.61,4.1
BLD-HQ-01,MAIN,2026-06-27T12:00:00+00:00,48.47,24.57,8.09,12.04,3.77
BLD-HQ-01,MAIN,2026-06-27T13:00:00+00:00,43.87,22.7,7.82,9.84,3.51
BLD-HQ-01,MAIN,2026-06-27T14:00:00+00:00,46.06,23.51,8.38,10.28,3.89
BLD-HQ-01,MAIN,2026-06-27T15:00:00+00:00,41.58,20.97,6.75,10.44,3.42
BLD-HQ-01,MAIN,2026-06-27T16:00:00+00:00,43.1,22.69,6.81,11.1,2.5
BLD-HQ-01,MAIN,2026-06-27T17:00:00+00:00,48.99,25.31,7.28,11.99,4.41
BLD-HQ-01,MAIN,2026-06-27T18:00:00+00:00,45.33,20.78,8.55,12.12,3.88
BLD-HQ-01,MAIN,2026-06-27T19:00:00+00:00,38.13,19.06,6.88,7.72,4.46
BLD-HQ-01,MAIN,2026-06-27T20:00:00+00:00,38.96,18.68,5.89,10.52,3.87
BLD-HQ-01,MAIN,2026-06-27T21:00:00+00:00,39.42,19.81,7.55,8.97,3.07
BLD-HQ-01,MAIN,2026-06-27T22:00:00+00:00,39.33,17.42,7.72,10.14,4.05
BLD-HQ-01,MAIN,2026-06-27T23:00:00+00:00,43.77,20.75,7.28,11.34,4.4
BLD-HQ-01,MAIN,2026-06-28T00:00:00+00:00,35.89,16.99,5.95,8.9,4.05
BLD-HQ-01,MAIN,2026-06-28T01:00:00+00:00,37.28,17.93,6.47,9.23,3.66
BLD-HQ-01,MAIN,2026-06-28T02:00:00+00:00,37.92,19.58,6.4,7.91,4.04
BLD-HQ-01,MAIN,2026-06-28T03:00:00+00:00,36.92,16.85,6.87,8.97,4.23
BLD-HQ-01,MAIN,2026-06-28T04:00:00+00:00,39.56,18.85,7.66,9.72,3.33
BLD-HQ-01,MAIN,2026-06-28T05:00:00+00:00,37.6,16.67,7.14,9.57,4.22
BLD-HQ-01,MAIN,2026-06-28T06:00:00+00:00,36.09,17.54,5.69,8.35,4.52
BLD-HQ-01,MAIN,2026-06-28T07:00:00+00:00,39.88,19.37,6.01,10.53,3.97
BLD-HQ-01,MAIN,2026-06-28T08:00:00+00:00,46.31,24.0,7.22,10.51,4.58
BLD-HQ-01,MAIN,2026-06-28T09:00:00+00:00,46.59,22.82,7.39,11.4,4.98
BLD-HQ-01,MAIN,2026-06-28T10:00:00+00:00,40.63,18.47,7.11,11.54,3.51
BLD-HQ-01,MAIN,2026-06-28T11:00:00+00:00,47.07,24.79,7.8,10.84,3.65
BLD-HQ-01,MAIN,2026-06-28T12:00:00+00:00,45.12,23.12,7.59,10.3,4.11
BLD-HQ-01,MAIN,2026-06-28T13:00:00+00:00,42.81,18.92,8.19,11.48,4.21
BLD-HQ-01,MAIN,2026-06-28T14:00:00+00:00,41.48,20.14,7.07,10.65,3.61
BLD-HQ-01,MAIN,2026-06-28T15:00:00+00:00,46.67,23.94,8.27,10.8,3.66
BLD-HQ-01,MAIN,2026-06-28T16:00:00+00:00,44.6,22.68,7.3,10.89,3.74
BLD-HQ-01,MAIN,2026-06-28T17:00:00+00:00,44.77,22.43,8.11,11.02,3.21
BLD-HQ-01,MAIN,2026-06-28T18:00:00+00:00,44.78,22.54,7.92,9.48,4.85
BLD-HQ-01,MAIN,2026-06-28T19:00:00+00:00,43.94,22.45,6.74,11.0,3.75
BLD-HQ-01,MAIN,2026-06-28T20:00:00+00:00,40.76,19.82,6.38,10.49,4.07
BLD-HQ-01,MAIN,2026-06-28T21:00:00+00:00,40.56,20.57,6.4,9.84,3.76
BLD-HQ-01,MAIN,2026-06-28T22:00:00+00:00,34.4,16.54,6.61,6.87,4.38
BLD-HQ-01,MAIN,2026-06-28T23:00:00+00:00,41.87,21.73,6.11,10.62,3.41
BLD-HQ-01,MAIN,2026-06-29T00:00:00+00:00,45.88,22.71,8.1,10.65,4.43
BLD-HQ-01,MAIN,2026-06-29T01:00:00+00:00,48.14,23.01,7.55,13.04,4.54
BLD-HQ-01,MAIN,2026-06-29T02:00:00+00:00,44.16,20.96,8.09,12.04,3.07
BLD-HQ-01,MAIN,2026-06-29T03:00:00+00:00,47.01,22.41,7.55,13.3,3.76
BLD-HQ-01,MAIN,2026-06-29T04:00:00+00:00,47.49,22.61,7.3,12.76,4.83
BLD-HQ-01,MAIN,2026-06-29T05:00:00+00:00,44.52,22.34,7.45,10.79,3.95
BLD-HQ-01,MAIN,2026-06-29T06:00:00+00:00,65.45,41.52,8.54,11.59,3.79
BLD-HQ-01,MAIN,2026-06-29T07:00:00+00:00,44.66,22.77,7.73,9.42,4.75
BLD-HQ-01,MAIN,2026-06-29T08:00:00+00:00,61.85,29.4,11.2,16.78,4.47
BLD-HQ-01,MAIN,2026-06-29T09:00:00+00:00,64.57,33.27,9.72,17.88,3.7
BLD-HQ-01,MAIN,2026-06-29T10:00:00+00:00,65.0,31.11,11.39,18.76,3.73
BLD-HQ-01,MAIN,2026-06-29T11:00:00+00:00,65.12,31.83,10.46,19.01,3.82
BLD-HQ-01,MAIN,2026-06-29T12:00:00+00:00,65.21,33.02,10.53,17.99,3.67
BLD-HQ-01,MAIN,2026-06-29T13:00:00+00:00,61.03,30.44,10.02,16.52,4.05
BLD-HQ-01,MAIN,2026-06-29T14:00:00+00:00,66.05,32.91,11.43,17.79,3.92
BLD-HQ-01,MAIN,2026-06-29T15:00:00+00:00,61.83,30.27,9.95,17.53,4.08
BLD-HQ-01,MAIN,2026-06-29T16:00:00+00:00,66.9,34.35,10.48,18.63,3.43
BLD-HQ-01,MAIN,2026-06-29T17:00:00+00:00,61.03,30.5,10.55,16.24,3.75
BLD-HQ-01,MAIN,2026-06-29T18:00:00+00:00,66.5,32.77,11.58,17.55,4.59
BLD-HQ-01,MAIN,2026-06-29T19:00:00+00:00,44.79,21.73,8.55,10.06,4.45
BLD-HQ-01,MAIN,2026-06-29T20:00:00+00:00,49.1,23.81,8.42,12.76,4.11
BLD-HQ-01,MAIN,2026-06-29T21:00:00+00:00,46.42,26.32,7.38,9.66,3.06
BLD-HQ-01,MAIN,2026-06-29T22:00:00+00:00,49.38,24.62,7.88,12.61,4.27
BLD-HQ-01,MAIN,2026-06-29T23:00:00+00:00,43.8,21.47,7.34,10.57,4.42
BLD-HQ-01,MAIN,2026-06-30T00:00:00+00:00,47.93,22.22,8.29,12.58,4.84
BLD-HQ-01,MAIN,2026-06-30T01:00:00+00:00,46.07,24.0,8.82,9.51,3.74
BLD-HQ-01,MAIN,2026-06-30T02:00:00+00:00,46.71,23.99,7.13,12.24,3.34
BLD-HQ-01,MAIN,2026-06-30T03:00:00+00:00,45.59,23.33,7.16,10.48,4.62
BLD-HQ-01,MAIN,2026-06-30T04:00:00+00:00,45.77,22.59,8.07,11.12,3.99
BLD-HQ-01,MAIN,2026-06-30T05:00:00+00:00,44.25,21.29,8.9,9.96,4.09
BLD-HQ-01,MAIN,2026-06-30T06:00:00+00:00,49.45,23.23,7.8,13.45,4.98
BLD-HQ-01,MAIN,2026-06-30T07:00:00+00:00,44.46,20.4,8.39,11.29,4.39
BLD-HQ-01,MAIN,2026-06-30T08:00:00+00:00,66.53,30.5,11.62,20.28,4.12
BLD-HQ-01,MAIN,2026-06-30T09:00:00+00:00,67.11,32.96,11.63,18.44,4.07
BLD-HQ-01,MAIN,2026-06-30T10:00:00+00:00,67.62,32.98,10.32,19.46,4.87
BLD-HQ-01,MAIN,2026-06-30T11:00:00+00:00,66.12,30.64,11.7,18.8,4.97
BLD-HQ-01,MAIN,2026-06-30T12:00:00+00:00,65.55,30.86,11.17,19.84,3.67
BLD-HQ-01,MAIN,2026-06-30T13:00:00+00:00,65.91,30.63,11.81,19.4,4.07
BLD-HQ-01,MAIN,2026-06-30T14:00:00+00:00,67.27,32.91,12.66,18.12,3.58
BLD-HQ-01,MAIN,2026-06-30T15:00:00+00:00,63.06,29.66,11.9,17.6,3.89
BLD-HQ-01,MAIN,2026-06-30T16:00:00+00:00,66.45,31.95,11.16,19.28,4.05
BLD-HQ-01,MAIN,2026-06-30T17:00:00+00:00,65.13,33.92,11.2,16.55,3.46
BLD-HQ-01,MAIN,2026-06-30T18:00:00+00:00,66.34,33.81,11.69,17.05,3.8
BLD-HQ-01,MAIN,2026-06-30T19:00:00+00:00,47.71,23.22,7.13,12.82,4.53
BLD-HQ-01,MAIN,2026-06-30T20:00:00+00:00,48.41,22.9,8.4,12.39,4.72
BLD-HQ-01,MAIN,2026-06-30T21:00:00+00:00,48.44,26.03,7.14,11.07,4.21
BLD-HQ-01,MAIN,2026-06-30T22:00:00+00:00,48.62,26.73,7.36,10.48,4.04
BLD-HQ-01,MAIN,2026-06-30T23:00:00+00:00,44.17,23.19,7.21,9.64,4.13
BLD-HQ-01,MAIN,2026-07-01T00:00:00+00:00,47.55,25.86,7.74,10.49,3.46
BLD-HQ-01,MAIN,2026-07-01T01:00:00+00:00,49.89,25.28,8.09,13.18,3.33
BLD-HQ-01,MAIN,2026-07-01T02:00:00+00:00,44.47,23.8,7.2,9.07,4.4
BLD-HQ-01,MAIN,2026-07-01T03:00:00+00:00,45.01,21.36,8.49,10.34,4.81
BLD-HQ-01,MAIN,2026-07-01T04:00:00+00:00,41.83,19.52,7.04,11.76,3.51
BLD-HQ-01,MAIN,2026-07-01T05:00:00+00:00,44.19,22.01,7.65,11.59,2.94
BLD-HQ-01,MAIN,2026-07-01T06:00:00+00:00,41.41,19.8,7.34,10.39,3.88
BLD-HQ-01,MAIN,2026-07-01T07:00:00+00:00,42.77,20.21,6.94,10.65,4.98
BLD-HQ-01,MAIN,2026-07-01T08:00:00+00:00,68.23,32.26,11.31,20.93,3.73
BLD-HQ-01,MAIN,2026-07-01T09:00:00+00:00,61.04,29.48,10.39,17.66,3.52
BLD-HQ-01,MAIN,2026-07-01T10:00:00+00:00,63.9,30.74,11.41,18.1,3.66
BLD-HQ-01,MAIN,2026-07-01T11:00:00+00:00,66.98,32.32,11.62,19.33,3.72
BLD-HQ-01,MAIN,2026-07-01T12:00:00+00:00,64.87,32.19,10.52,17.75,4.4
BLD-HQ-01,MAIN,2026-07-01T13:00:00+00:00,66.52,31.89,10.95,20.37,3.31
BLD-HQ-01,MAIN,2026-07-01T14:00:00+00:00,66.52,33.8,11.19,17.94,3.58
BLD-HQ-01,MAIN,2026-07-01T15:00:00+00:00,66.26,32.74,11.34,18.23,3.95
BLD-HQ-01,MAIN,2026-07-01T16:00:00+00:00,64.98,32.84,10.51,17.88,3.75
BLD-HQ-01,MAIN,2026-07-01T17:00:00+00:00,66.86,33.02,11.08,17.73,5.02
BLD-HQ-01,MAIN,2026-07-01T18:00:00+00:00,63.88,31.12,11.51,17.79,3.47
BLD-HQ-01,MAIN,2026-07-01T19:00:00+00:00,46.35,22.07,7.66,12.51,4.1
BLD-HQ-01,MAIN,2026-07-01T20:00:00+00:00,45.84,22.46,6.88,11.89,4.6
BLD-HQ-01,MAIN,2026-07-01T21:00:00+00:00,48.44,23.28,8.58,12.03,4.55
BLD-HQ-01,MAIN,2026-07-01T22:00:00+00:00,45.27,20.62,8.8,11.56,4.29
BLD-HQ-01,MAIN,2026-07-01T23:00:00+00:00,44.85,23.76,6.98,9.95,4.15
BLD-HQ-01,MAIN,2026-07-02T00:00:00+00:00,46.8,25.0,8.08,9.65,4.07
BLD-HQ-01,MAIN,2026-07-02T01:00:00+00:00,44.83,22.73,7.27,11.03,3.79
BLD-HQ-01,MAIN,2026-07-02T02:00:00+00:00,44.36,22.09,7.67,11.84,2.75
BLD-HQ-01,MAIN,2026-07-02T03:00:00+00:00,46.99,24.53,7.52,11.52,3.41
BLD-HQ-01,MAIN,2026-07-02T04:00:00+00:00,47.2,23.09,7.31,12.72,4.09
BLD-HQ-01,MAIN,2026-07-02T05:00:00+00:00,45.18,23.16,6.95,11.01,4.07
BLD-HQ-01,MAIN,2026-07-02T06:00:00+00:00,44.01,22.17,8.24,9.53,4.06
BLD-HQ-01,MAIN,2026-07-02T07:00:00+00:00,48.43,24.37,6.49,12.88,4.69
BLD-HQ-01,MAIN,2026-07-02T08:00:00+00:00,61.23,28.04,10.81,18.13,4.25
BLD-HQ-01,MAIN,2026-07-02T09:00:00+00:00,62.16,30.61,10.04,17.61,3.89
BLD-HQ-01,MAIN,2026-07-02T10:00:00+00:00,66.19,32.93,11.62,16.32,5.32
BLD-HQ-01,MAIN,2026-07-02T11:00:00+00:00,65.61,31.73,10.79,19.42,3.69
BLD-HQ-01,MAIN,2026-07-02T12:00:00+00:00,65.25,32.75,10.79,17.4,4.3
BLD-HQ-01,MAIN,2026-07-02T13:00:00+00:00,65.78,32.48,10.96,18.6,3.73
BLD-HQ-01,MAIN,2026-07-02T14:00:00+00:00,66.71,31.17,11.96,19.44,4.14
BLD-HQ-01,MAIN,2026-07-02T15:00:00+00:00,64.49,30.81,11.25,19.54,2.89
BLD-HQ-01,MAIN,2026-07-02T16:00:00+00:00,65.3,32.24,11.0,18.48,3.59
BLD-HQ-01,MAIN,2026-07-02T17:00:00+00:00,64.22,31.13,10.3,17.76,5.03
BLD-HQ-01,MAIN,2026-07-02T18:00:00+00:00,64.39,33.71,9.96,16.58,4.13
BLD-HQ-01,MAIN,2026-07-02T19:00:00+00:00,50.66,26.04,8.71,12.31,3.59
BLD-HQ-01,MAIN,2026-07-02T20:00:00+00:00,45.85,24.71,7.38,9.55,4.22
BLD-HQ-01,MAIN,2026-07-02T21:00:00+00:00,49.96,24.96,7.94,12.32,4.73
BLD-HQ-01,MAIN,2026-07-02T22:00:00+00:00,46.62,22.3,7.38,13.67,3.26
BLD-HQ-01,MAIN,2026-07-02T23:00:00+00:00,44.2,20.14,7.73,12.27,4.06
BLD-HQ-01,MAIN,2026-07-03T00:00:00+00:00,46.86,21.56,7.71,12.52,5.06
BLD-HQ-01,MAIN,2026-07-03T01:00:00+00:00,48.43,24.34,7.78,11.77,4.54
BLD-HQ-01,MAIN,2026-07-03T02:00:00+00:00,49.92,24.78,7.99,13.37,3.78
BLD-HQ-01,MAIN,2026-07-03T03:00:00+00:00,43.1,20.99,7.92,10.5,3.68
BLD-HQ-01,MAIN,2026-07-03T04:00:00+00:00,44.9,23.68,6.65,9.63,4.93
BLD-HQ-01,MAIN,2026-07-03T05:00:00+00:00,44.19,23.01,6.97,10.67,3.54
BLD-HQ-01,MAIN,2026-07-03T06:00:00+00:00,49.24,24.91,8.46,11.37,4.5
BLD-HQ-01,MAIN,2026-07-03T07:00:00+00:00,48.06,24.79,8.44,10.33,4.5
BLD-HQ-01,MAIN,2026-07-03T08:00:00+00:00,64.1,31.59,11.27,17.43,3.82
BLD-HQ-01,MAIN,2026-07-03T09:00:00+00:00,68.62,35.07,11.0,18.94,3.6
BLD-HQ-01,MAIN,2026-07-03T10:00:00+00:00,63.54,30.79,9.98,18.67,4.09
BLD-HQ-01,MAIN,2026-07-03T11:00:00+00:00,65.16,33.04,11.44,16.82,3.86
BLD-HQ-01,MAIN,2026-07-03T12:00:00+00:00,66.07,32.8,11.97,18.03,3.27
BLD-HQ-01,MAIN,2026-07-03T13:00:00+00:00,66.66,34.85,10.43,17.0,4.38
BLD-HQ-01,MAIN,2026-07-03T14:00:00+00:00,63.54,30.75,10.62,18.13,4.04
BLD-HQ-01,MAIN,2026-07-03T15:00:00+00:00,65.57,32.63,11.16,17.59,4.19
BLD-HQ-01,MAIN,2026-07-03T16:00:00+00:00,61.65,29.74,10.31,17.97,3.64
BLD-HQ-01,MAIN,2026-07-03T17:00:00+00:00,63.53,30.78,10.33,18.31,4.11
BLD-HQ-01,MAIN,2026-07-03T18:00:00+00:00,64.88,31.15,11.25,18.4,4.07
BLD-HQ-01,MAIN,2026-07-03T19:00:00+00:00,46.21,22.91,6.5,11.69,5.11
BLD-HQ-01,MAIN,2026-07-03T20:00:00+00:00,47.28,24.38,7.38,11.35,4.17
BLD-HQ-01,MAIN,2026-07-03T21:00:00+00:00,47.6,24.0,8.1,11.33,4.17
BLD-HQ-01,MAIN,2026-07-03T22:00:00+00:00,47.91,23.5,7.32,12.51,4.58
BLD-HQ-01,MAIN,2026-07-03T23:00:00+00:00,46.11,22.8,7.79,11.59,3.92
BLD-HQ-01,MAIN,2026-07-04T00:00:00+00:00,39.39,18.94,7.15,9.46,3.83
BLD-HQ-01,MAIN,2026-07-04T01:00:00+00:00,42.55,20.37,6.01,12.03,4.13
BLD-HQ-01,MAIN,2026-07-04T02:00:00+00:00,39.29,20.04,6.75,8.34,4.16
BLD-HQ-01,MAIN,2026-07-04T03:00:00+00:00,42.4,21.3,7.16,10.1,3.84
BLD-HQ-01,MAIN,2026-07-04T04:00:00+00:00,38.34,19.14,5.97,9.14,4.09
BLD-HQ-01,MAIN,2026-07-04T05:00:00+00:00,37.15,18.1,6.02,8.88,4.15
BLD-HQ-01,MAIN,2026-07-04T06:00:00+00:00,37.23,17.94,6.34,9.08,3.87
BLD-HQ-01,MAIN,2026-07-04T07:00:00+00:00,35.37,17.32,5.74,9.39,2.93
BLD-HQ-01,MAIN,2026-07-04T08:00:00+00:00,44.0,22.22,8.13,9.63,4.01
BLD-HQ-01,MAIN,2026-07-04T09:00:00+00:00,46.41,21.93,7.44,12.19,4.85
BLD-HQ-01,MAIN,2026-07-04T10:00:00+00:00,46.94,24.3,7.27,11.61,3.76
BLD-HQ-01,MAIN,2026-07-04T11:00:00+00:00,42.13,20.4,6.11,12.03,3.59
BLD-HQ-01,MAIN,2026-07-04T12:00:00+00:00,45.05,23.54,6.5,11.0,4.01
BLD-HQ-01,MAIN,2026-07-04T13:00:00+00:00,42.8,21.51,7.4,10.56,3.33
BLD-HQ-01,MAIN,2026-07-04T14:00:00+00:00,45.86,22.92,7.91,11.18,3.86
BLD-HQ-01,MAIN,2026-07-04T15:00:00+00:00,40.58,20.71,7.39,8.39,4.09
BLD-HQ-01,MAIN,2026-07-04T16:00:00+00:00,47.01,24.38,7.98,10.87,3.77
BLD-HQ-01,MAIN,2026-07-04T17:00:00+00:00,43.63,21.16,6.32,11.12,5.02
BLD-HQ-01,MAIN,2026-07-04T18:00:00+00:00,45.42,21.88,8.4,10.99,4.15
BLD-HQ-01,MAIN,2026-07-04T19:00:00+00:00,38.6,18.25,7.02,9.32,4.01
BLD-HQ-01,MAIN,2026-07-04T20:00:00+00:00,37.18,19.9,6.19,7.34,3.74
BLD-HQ-01,MAIN,2026-07-04T21:00:00+00:00,38.93,20.97,6.23,8.11,3.62
BLD-HQ-01,MAIN,2026-07-04T22:00:00+00:00,36.98,19.82,5.73,8.26,3.17
BLD-HQ-01,MAIN,2026-07-04T23:00:00+00:00,35.54,16.36,6.47,8.87,3.84
BLD-HQ-01,MAIN,2026-07-05T00:00:00+00:00,37.05,18.09,6.23,8.59,4.14
BLD-HQ-01,MAIN,2026-07-05T01:00:00+00:00,40.6,19.74,7.31,9.75,3.79
BLD-HQ-01,MAIN,2026-07-05T02:00:00+00:00,40.23,21.82,6.57,8.28,3.55
BLD-HQ-01,MAIN,2026-07-05T03:00:00+00:00,34.62,17.39,5.56,7.59,4.08
BLD-HQ-01,MAIN,2026-07-05T04:00:00+00:00,39.48,18.7,5.99,10.79,4.01
BLD-HQ-01,MAIN,2026-07-05T05:00:00+00:00,36.83,17.98,6.78,8.02,4.05
BLD-HQ-01,MAIN,2026-07-05T06:00:00+00:00,38.28,18.71,6.47,8.89,4.21
BLD-HQ-01,MAIN,2026-07-05T07:00:00+00:00,37.39,18.87,5.81,8.57,4.13
BLD-HQ-01,MAIN,2026-07-05T08:00:00+00:00,47.03,24.17,7.16,12.44,3.26
BLD-HQ-01,MAIN,2026-07-05T09:00:00+00:00,46.25,23.97,7.79,10.76,3.74
BLD-HQ-01,MAIN,2026-07-05T10:00:00+00:00,43.2,20.1,8.29,11.36,3.46
BLD-HQ-01,MAIN,2026-07-05T11:00:00+00:00,41.97,20.75,7.31,10.26,3.65
BLD-HQ-01,MAIN,2026-07-05T12:00:00+00:00,47.0,23.97,8.5,9.82,4.7
BLD-HQ-01,MAIN,2026-07-05T13:00:00+00:00,43.23,21.98,6.64,10.37,4.25
BLD-HQ-01,MAIN,2026-07-05T14:00:00+00:00,43.93,21.71,7.98,9.67,4.57
BLD-HQ-01,MAIN,2026-07-05T15:00:00+00:00,41.99,20.11,7.85,10.13,3.9
BLD-HQ-01,MAIN,2026-07-05T16:00:00+00:00,42.44,21.4,7.34,9.73,3.98
BLD-HQ-01,MAIN,2026-07-05T17:00:00+00:00,46.84,22.68,8.49,11.17,4.5
BLD-HQ-01,MAIN,2026-07-05T18:00:00+00:00,43.74,21.49,7.24,10.7,4.3
BLD-HQ-01,MAIN,2026-07-05T19:00:00+00:00,39.91,18.36,7.24,10.19,4.12
BLD-HQ-01,MAIN,2026-07-05T20:00:00+00:00,38.16,19.11,5.52,9.94,3.58
BLD-HQ-01,MAIN,2026-07-05T21:00:00+00:00,35.94,16.7,5.99,8.97,4.27
BLD-HQ-01,MAIN,2026-07-05T22:00:00+00:00,41.96,20.52,6.37,10.87,4.2
BLD-HQ-01,MAIN,2026-07-05T23:00:00+00:00,36.73,18.27,5.38,8.58,4.5
BLD-HQ-01,MAIN,2026-07-06T00:00:00+00:00,47.98,23.14,8.09,12.44,4.31
BLD-HQ-01,MAIN,2026-07-06T01:00:00+00:00,46.77,22.07,7.67,13.5,3.53
BLD-HQ-01,MAIN,2026-07-06T02:00:00+00:00,44.69,21.79,8.52,10.14,4.24
BLD-HQ-01,MAIN,2026-07-06T03:00:00+00:00,44.95,20.78,7.88,12.71,3.58
BLD-HQ-01,MAIN,2026-07-06T04:00:00+00:00,43.82,21.57,6.2,11.57,4.47
BLD-HQ-01,MAIN,2026-07-06T05:00:00+00:00,58.14,36.34,6.78,11.18,3.83
BLD-HQ-01,MAIN,2026-07-06T06:00:00+00:00,46.54,24.34,8.03,10.08,4.09
BLD-HQ-01,MAIN,2026-07-06T07:00:00+00:00,47.02,25.18,8.15,9.27,4.43
BLD-HQ-01,MAIN,2026-07-06T08:00:00+00:00,65.08,31.48,10.54,18.45,4.62
BLD-HQ-01,MAIN,2026-07-06T09:00:00+00:00,67.53,33.75,10.95,19.02,3.82
BLD-HQ-01,MAIN,2026-07-06T10:00:00+00:00,65.09,32.81,11.26,17.66,3.36
BLD-HQ-01,MAIN,2026-07-06T11:00:00+00:00,65.43,32.47,12.1,16.6,4.26
BLD-HQ-01,MAIN,2026-07-06T12:00:00+00:00,66.15,31.86,10.86,19.34,4.09
BLD-HQ-01,MAIN,2026-07-06T13:00:00+00:00,66.32,32.88,10.95,18.4,4.08
BLD-HQ-01,MAIN,2026-07-06T14:00:00+00:00,63.73,31.09,11.22,18.37,3.06
BLD-HQ-01,MAIN,2026-07-06T15:00:00+00:00,64.48,30.27,11.21,19.75,3.25
BLD-HQ-01,MAIN,2026-07-06T16:00:00+00:00,66.98,32.53,11.11,18.61,4.72
BLD-HQ-01,MAIN,2026-07-06T17:00:00+00:00,68.53,33.67,11.9,17.7,5.25
BLD-HQ-01,MAIN,2026-07-06T18:00:00+00:00,64.5,32.36,9.75,18.66,3.73
BLD-HQ-01,MAIN,2026-07-06T19:00:00+00:00,45.52,22.71,7.25,10.59,4.97
BLD-HQ-01,MAIN,2026-07-06T20:00:00+00:00,41.17,19.94,8.2,9.02,4.01
BLD-HQ-01,MAIN,2026-07-06T21:00:00+00:00,67.67,44.15,7.42,12.22,3.88
BLD-HQ-01,MAIN,2026-07-06T22:00:00+00:00,50.07,22.74,8.77,14.37,4.19
BLD-HQ-01,MAIN,2026-07-06T23:00:00+00:00,41.45,18.84,7.37,10.91,4.32
BLD-HQ-01,MAIN,2026-07-07T00:00:00+00:00,48.34,25.26,7.77,11.64,3.66
BLD-HQ-01,MAIN,2026-07-07T01:00:00+00:00,45.46,22.78,7.4,10.92,4.35
BLD-HQ-01,MAIN,2026-07-07T02:00:00+00:00,48.67,22.81,7.42,13.52,4.92
BLD-HQ-01,MAIN,2026-07-07T03:00:00+00:00,43.87,21.88,7.56,10.56,3.87
BLD-HQ-01,MAIN,2026-07-07T04:00:00+00:00,46.4,23.32,8.36,10.22,4.5
BLD-HQ-01,MAIN,2026-07-07T05:00:00+00:00,42.23,21.17,6.05,10.53,4.48
BLD-HQ-01,MAIN,2026-07-07T06:00:00+00:00,49.66,24.21,7.73,12.61,5.1
BLD-HQ-01,MAIN,2026-07-07T07:00:00+00:00,49.55,24.3,7.5,12.34,5.41
BLD-HQ-01,MAIN,2026-07-07T08:00:00+00:00,66.09,34.06,10.02,18.28,3.73
BLD-HQ-01,MAIN,2026-07-07T09:00:00+00:00,65.57,30.47,11.12,19.75,4.22
BLD-HQ-01,MAIN,2026-07-07T10:00:00+00:00,66.7,32.49,11.5,18.3,4.4
BLD-HQ-01,MAIN,2026-07-07T11:00:00+00:00,63.51,30.51,10.62,18.23,4.15
BLD-HQ-01,MAIN,2026-07-07T12:00:00+00:00,63.9,30.63,10.65,17.8,4.81
BLD-HQ-01,MAIN,2026-07-07T13:00:00+00:00,62.96,31.33,11.07,17.56,3.0
BLD-HQ-01,MAIN,2026-07-07T14:00:00+00:00,64.59,31.56,10.78,17.51,4.74
BLD-HQ-01,MAIN,2026-07-07T15:00:00+00:00,67.9,33.97,10.87,19.03,4.04
BLD-HQ-01,MAIN,2026-07-07T16:00:00+00:00,65.24,31.73,11.1,18.2,4.21
BLD-HQ-01,MAIN,2026-07-07T17:00:00+00:00,65.93,31.83,11.13,19.48,3.48
BLD-HQ-01,MAIN,2026-07-07T18:00:00+00:00,65.95,32.97,11.49,17.81,3.69
BLD-HQ-01,MAIN,2026-07-07T19:00:00+00:00,48.75,24.93,8.28,11.42,4.12
BLD-HQ-01,MAIN,2026-07-07T20:00:00+00:00,46.26,24.48,7.64,10.69,3.45
BLD-HQ-01,MAIN,2026-07-07T21:00:00+00:00,49.34,25.24,6.83,13.46,3.81
BLD-HQ-01,MAIN,2026-07-07T22:00:00+00:00,44.16,22.68,7.56,9.97,3.95
BLD-HQ-01,MAIN,2026-07-07T23:00:00+00:00,46.41,21.99,7.67,12.65,4.1
BLD-HQ-01,MAIN,2026-07-08T00:00:00+00:00,50.97,25.43,8.35,13.54,3.66
BLD-HQ-01,MAIN,2026-07-08T01:00:00+00:00,47.71,22.54,7.75,12.78,4.64
BLD-HQ-01,MAIN,2026-07-08T02:00:00+00:00,45.08,23.13,7.72,11.58,2.64
BLD-HQ-01,MAIN,2026-07-08T03:00:00+00:00,48.67,23.83,8.73,11.96,4.16
BLD-HQ-01,MAIN,2026-07-08T04:00:00+00:00,41.37,19.36,7.44,10.58,3.98
BLD-HQ-01,MAIN,2026-07-08T05:00:00+00:00,47.9,24.39,7.62,12.13,3.76
BLD-HQ-01,MAIN,2026-07-08T06:00:00+00:00,44.75,20.11,7.82,12.88,3.95
BLD-HQ-01,MAIN,2026-07-08T07:00:00+00:00,46.38,22.45,7.6,12.68,3.64
BLD-HQ-01,MAIN,2026-07-08T08:00:00+00:00,64.28,31.1,10.71,18.55,3.91
BLD-HQ-01,MAIN,2026-07-08T09:00:00+00:00,67.17,31.99,11.18,20.18,3.83
BLD-HQ-01,MAIN,2026-07-08T10:00:00+00:00,63.46,30.54,11.59,17.88,3.45
BLD-HQ-01,MAIN,2026-07-08T11:00:00+00:00,64.94,31.38,10.96,18.47,4.13
BLD-HQ-01,MAIN,2026-07-08T12:00:00+00:00,64.96,29.44,12.58,19.07,3.87
BLD-HQ-01,MAIN,2026-07-08T13:00:00+00:00,62.38,33.65,10.06,14.39,4.29
BLD-HQ-01,MAIN,2026-07-08T14:00:00+00:00,61.3,29.53,11.36,17.19,3.21
BLD-HQ-01,MAIN,2026-07-08T15:00:00+00:00,63.96,32.17,10.62,18.59,2.57
BLD-HQ-01,MAIN,2026-07-08T16:00:00+00:00,64.0,31.13,10.85,17.81,4.22
BLD-HQ-01,MAIN,2026-07-08T17:00:00+00:00,67.39,32.07,11.34,20.23,3.76
BLD-HQ-01,MAIN,2026-07-08T18:00:00+00:00,67.77,34.98,12.37,16.59,3.83
BLD-HQ-01,MAIN,2026-07-08T19:00:00+00:00,45.46,22.89,8.46,9.85,4.26
BLD-HQ-01,MAIN,2026-07-08T20:00:00+00:00,48.77,23.13,8.91,13.04,3.7
BLD-HQ-01,MAIN,2026-07-08T21:00:00+00:00,44.65,20.56,7.04,13.22,3.83
BLD-HQ-01,MAIN,2026-07-08T22:00:00+00:00,48.52,23.43,8.57,12.79,3.73
BLD-HQ-01,MAIN,2026-07-08T23:00:00+00:00,46.56,22.94,6.82,11.7,5.1
BLD-HQ-01,MAIN,2026-07-09T00:00:00+00:00,47.91,23.01,8.03,12.77,4.1
BLD-HQ-01,MAIN,2026-07-09T01:00:00+00:00,45.2,21.65,8.6,11.39,3.56
BLD-HQ-01,MAIN,2026-07-09T02:00:00+00:00,44.38,22.33,8.08,10.6,3.38
BLD-HQ-01,MAIN,2026-07-09T03:00:00+00:00,45.71,22.81,8.05,11.85,3.0
BLD-HQ-01,MAIN,2026-07-09T04:00:00+00:00,44.52,24.31,7.21,9.61,3.39
BLD-HQ-01,MAIN,2026-07-09T05:00:00+00:00,41.86,19.87,7.69,10.78,3.52
BLD-HQ-01,MAIN,2026-07-09T06:00:00+00:00,43.26,20.92,6.48,11.85,4.02
BLD-HQ-01,MAIN,2026-07-09T07:00:00+00:00,47.64,24.64,8.33,10.57,4.1
BLD-HQ-01,MAIN,2026-07-09T08:00:00+00:00,64.18,32.22,10.61,17.01,4.34
BLD-HQ-01,MAIN,2026-07-09T09:00:00+00:00,63.33,29.77,10.87,19.45,3.24
BLD-HQ-01,MAIN,2026-07-09T10:00:00+00:00,62.78,31.43,10.59,17.11,3.66
BLD-HQ-01,MAIN,2026-07-09T11:00:00+00:00,61.59,30.54,11.42,16.43,3.2
BLD-HQ-01,MAIN,2026-07-09T12:00:00+00:00,64.61,30.29,10.46,19.84,4.02
BLD-HQ-01,MAIN,2026-07-09T13:00:00+00:00,64.2,31.39,11.6,16.65,4.56
BLD-HQ-01,MAIN,2026-07-09T14:00:00+00:00,63.5,29.42,10.45,19.26,4.38
BLD-HQ-01,MAIN,2026-07-09T15:00:00+00:00,66.49,31.11,11.54,20.04,3.8
BLD-HQ-01,MAIN,2026-07-09T16:00:00+00:00,68.87,33.63,11.96,18.51,4.78
BLD-HQ-01,MAIN,2026-07-09T17:00:00+00:00,62.94,28.9,10.81,19.13,4.1
BLD-HQ-01,MAIN,2026-07-09T18:00:00+00:00,64.45,32.49,12.37,15.64,3.96
BLD-HQ-01,MAIN,2026-07-09T19:00:00+00:00,41.99,19.85,7.78,11.2,3.16
BLD-HQ-01,MAIN,2026-07-09T20:00:00+00:00,46.51,22.0,7.94,12.28,4.29
BLD-HQ-01,MAIN,2026-07-09T21:00:00+00:00,47.05,23.36,7.26,11.83,4.6
BLD-HQ-01,MAIN,2026-07-09T22:00:00+00:00,47.19,25.48,6.25,11.62,3.84
BLD-HQ-01,MAIN,2026-07-09T23:00:00+00:00,41.97,20.29,7.42,10.19,4.07
BLD-HQ-01,MAIN,2026-07-10T00:00:00+00:00,46.28,22.15,8.01,11.59,4.53
BLD-HQ-01,MAIN,2026-07-10T01:00:00+00:00,46.4,23.34,7.28,11.69,4.09
BLD-HQ-01,MAIN,2026-07-10T02:00:00+00:00,45.79,22.29,7.38,12.19,3.93
BLD-HQ-01,MAIN,2026-07-10T03:00:00+00:00,47.54,23.67,8.24,11.89,3.73
BLD-HQ-01,MAIN,2026-07-10T04:00:00+00:00,45.09,20.8,8.48,11.89,3.92
BLD-HQ-01,MAIN,2026-07-10T05:00:00+00:00,49.46,24.52,8.32,12.08,4.54
BLD-HQ-01,MAIN,2026-07-10T06:00:00+00:00,45.47,23.43,7.23,10.85,3.96
BLD-HQ-01,MAIN,2026-07-10T07:00:00+00:00,46.65,23.71,8.28,10.7,3.97
BLD-HQ-01,MAIN,2026-07-10T08:00:00+00:00,64.98,33.16,10.97,16.33,4.52
BLD-HQ-01,MAIN,2026-07-10T09:00:00+00:00,64.24,31.47,9.67,19.64,3.46
BLD-HQ-01,MAIN,2026-07-10T10:00:00+00:00,62.96,30.51,11.55,17.09,3.81
BLD-HQ-01,MAIN,2026-07-10T11:00:00+00:00,61.61,32.15,10.71,15.86,2.88
BLD-HQ-01,MAIN,2026-07-10T12:00:00+00:00,65.5,33.49,11.32,17.44,3.24
BLD-HQ-01,MAIN,2026-07-10T13:00:00+00:00,63.27,31.49,11.3,16.37,4.11
BLD-HQ-01,MAIN,2026-07-10T14:00:00+00:00,65.09,31.68,11.71,18.72,2.99
BLD-HQ-01,MAIN,2026-07-10T15:00:00+00:00,65.78,32.72,11.9,17.41,3.75
BLD-HQ-01,MAIN,2026-07-10T16:00:00+00:00,64.63,32.19,10.62,18.11,3.7
BLD-HQ-01,MAIN,2026-07-10T17:00:00+00:00,60.93,30.26,10.2,16.14,4.33
BLD-HQ-01,MAIN,2026-07-10T18:00:00+00:00,69.09,33.12,11.84,19.87,4.26
BLD-HQ-01,MAIN,2026-07-10T19:00:00+00:00,45.82,22.03,7.06,12.52,4.21
BLD-HQ-01,MAIN,2026-07-10T20:00:00+00:00,47.57,21.18,8.03,13.74,4.62
BLD-HQ-01,MAIN,2026-07-10T21:00:00+00:00,47.55,24.17,8.06,10.95,4.38
BLD-HQ-01,MAIN,2026-07-10T22:00:00+00:00,46.26,23.2,7.7,11.59,3.77
BLD-HQ-01,MAIN,2026-07-10T23:00:00+00:00,44.38,21.63,8.08,11.46,3.2
BLD-HQ-01,MAIN,2026-07-11T00:00:00+00:00,38.95,18.78,6.3,9.05,4.81
BLD-HQ-01,MAIN,2026-07-11T01:00:00+00:00,38.13,20.06,5.95,8.34,3.77
BLD-HQ-01,MAIN,2026-07-11T02:00:00+00:00,40.03,21.67,6.85,8.44,3.07
BLD-HQ-01,MAIN,2026-07-11T03:00:00+00:00,35.1,18.03,5.71,7.15,4.21
BLD-HQ-01,MAIN,2026-07-11T04:00:00+00:00,39.59,20.22,6.35,9.4,3.63
BLD-HQ-01,MAIN,2026-07-11T05:00:00+00:00,39.09,20.46,6.48,7.63,4.53
BLD-HQ-01,MAIN,2026-07-11T06:00:00+00:00,39.47,18.61,6.36,10.68,3.82
BLD-HQ-01,MAIN,2026-07-11T07:00:00+00:00,38.98,19.99,5.99,8.46,4.54
BLD-HQ-01,MAIN,2026-07-11T08:00:00+00:00,49.88,25.16,7.75,12.24,4.73
BLD-HQ-01,MAIN,2026-07-11T09:00:00+00:00,44.96,22.12,7.17,11.2,4.47
BLD-HQ-01,MAIN,2026-07-11T10:00:00+00:00,46.14,23.84,8.22,9.69,4.4
BLD-HQ-01,MAIN,2026-07-11T11:00:00+00:00,44.96,22.53,7.32,10.74,4.38
BLD-HQ-01,MAIN,2026-07-11T12:00:00+00:00,41.85,19.62,6.34,12.28,3.61
BLD-HQ-01,MAIN,2026-07-11T13:00:00+00:00,45.46,22.76,7.85,10.88,3.97
BLD-HQ-01,MAIN,2026-07-11T14:00:00+00:00,44.77,22.55,7.93,9.85,4.44
BLD-HQ-01,MAIN,2026-07-11T15:00:00+00:00,43.37,22.08,7.32,9.79,4.18
BLD-HQ-01,MAIN,2026-07-11T16:00:00+00:00,46.17,23.25,6.77,12.95,3.2
BLD-HQ-01,MAIN,2026-07-11T17:00:00+00:00,45.95,23.39,7.16,12.02,3.39
BLD-HQ-01,MAIN,2026-07-11T18:00:00+00:00,44.91,22.21,8.02,10.53,4.16
BLD-HQ-01,MAIN,2026-07-11T19:00:00+00:00,38.65,18.58,6.35,10.02,3.71
BLD-HQ-01,MAIN,2026-07-11T20:00:00+00:00,38.35,19.09,6.13,9.08,4.05
BLD-HQ-01,MAIN,2026-07-11T21:00:00+00:00,38.45,18.62,7.02,9.3,3.51
BLD-HQ-01,MAIN,2026-07-11T22:00:00+00:00,42.78,21.31,6.52,11.18,3.77
BLD-HQ-01,MAIN,2026-07-11T23:00:00+00:00,37.07,18.78,5.88,8.31,4.1
BLD-HQ-01,MAIN,2026-07-12T00:00:00+00:00,40.83,19.68,6.53,10.66,3.95
BLD-HQ-01,MAIN,2026-07-12T01:00:00+00:00,40.67,20.1,7.31,8.79,4.47
BLD-HQ-01,MAIN,2026-07-12T02:00:00+00:00,37.18,17.72,7.62,8.17,3.67
BLD-HQ-01,MAIN,2026-07-12T03:00:00+00:00,39.41,19.57,5.31,10.78,3.74
BLD-HQ-01,MAIN,2026-07-12T04:00:00+00:00,38.37,17.71,7.89,8.76,4.0
BLD-HQ-01,MAIN,2026-07-12T05:00:00+00:00,38.72,18.79,7.56,7.99,4.39
BLD-HQ-01,MAIN,2026-07-12T06:00:00+00:00,37.37,17.44,6.77,9.82,3.34
BLD-HQ-01,MAIN,2026-07-12T07:00:00+00:00,37.29,17.15,6.2,9.51,4.42
BLD-HQ-01,MAIN,2026-07-12T08:00:00+00:00,41.39,20.03,7.46,9.24,4.66
BLD-HQ-01,MAIN,2026-07-12T09:00:00+00:00,41.02,19.17,5.8,11.98,4.06
BLD-HQ-01,MAIN,2026-07-12T10:00:00+00:00,48.13,24.82,7.27,10.72,5.32
BLD-HQ-01,MAIN,2026-07-12T11:00:00+00:00,42.15,19.77,7.36,10.7,4.31
BLD-HQ-01,MAIN,2026-07-12T12:00:00+00:00,47.13,25.52,7.83,9.71,4.06
BLD-HQ-01,MAIN,2026-07-12T13:00:00+00:00,46.22,22.57,7.02,12.78,3.86
BLD-HQ-01,MAIN,2026-07-12T14:00:00+00:00,43.96,21.71,6.8,11.24,4.2
BLD-HQ-01,MAIN,2026-07-12T15:00:00+00:00,43.4,20.92,7.52,11.78,3.18
BLD-HQ-01,MAIN,2026-07-12T16:00:00+00:00,44.74,20.31,7.94,12.12,4.37
BLD-HQ-01,MAIN,2026-07-12T17:00:00+00:00,45.58,23.49,7.65,10.72,3.71
BLD-HQ-01,MAIN,2026-07-12T18:00:00+00:00,45.54,23.55,8.18,10.19,3.63
BLD-HQ-01,MAIN,2026-07-12T19:00:00+00:00,36.61,17.3,6.24,8.95,4.12
BLD-HQ-01,MAIN,2026-07-12T20:00:00+00:00,39.03,19.03,6.69,9.57,3.75
BLD-HQ-01,MAIN,2026-07-12T21:00:00+00:00,37.04,19.66,6.24,7.86,3.28
BLD-HQ-01,MAIN,2026-07-12T22:00:00+00:00,39.34,18.87,7.27,8.9,4.29
BLD-HQ-01,MAIN,2026-07-12T23:00:00+00:00,40.02,20.9,6.5,8.32,4.3
BLD-HQ-01,MAIN,2026-07-13T00:00:00+00:00,45.48,22.21,8.21,11.65,3.41
BLD-HQ-01,MAIN,2026-07-13T01:00:00+00:00,70.96,46.17,7.82,12.71,4.26
BLD-HQ-01,MAIN,2026-07-13T02:00:00+00:00,44.13,22.78,5.85,11.75,3.76
BLD-HQ-01,MAIN,2026-07-13T03:00:00+00:00,46.98,22.77,8.7,11.99,3.52
BLD-HQ-01,MAIN,2026-07-13T04:00:00+00:00,46.23,23.34,8.32,10.55,4.02
BLD-HQ-01,MAIN,2026-07-13T05:00:00+00:00,43.27,24.05,7.38,7.78,4.06
BLD-HQ-01,MAIN,2026-07-13T06:00:00+00:00,44.71,23.11,7.1,10.46,4.05
BLD-HQ-01,MAIN,2026-07-13T07:00:00+00:00,46.94,23.78,7.53,11.97,3.67
BLD-HQ-01,MAIN,2026-07-13T08:00:00+00:00,63.09,29.75,11.77,17.2,4.36
BLD-HQ-01,MAIN,2026-07-13T09:00:00+00:00,66.42,33.17,10.42,18.31,4.51
BLD-HQ-01,MAIN,2026-07-13T10:00:00+00:00,64.71,30.23,10.85,19.24,4.4
BLD-HQ-01,MAIN,2026-07-13T11:00:00+00:00,67.45,34.04,11.02,18.03,4.37
BLD-HQ-01,MAIN,2026-07-13T12:00:00+00:00,62.56,28.52,11.47,17.97,4.6
BLD-HQ-01,MAIN,2026-07-13T13:00:00+00:00,66.97,33.81,10.98,17.59,4.58
BLD-HQ-01,MAIN,2026-07-13T14:00:00+00:00,69.5,36.13,10.82,18.88,3.67
BLD-HQ-01,MAIN,2026-07-13T15:00:00+00:00,62.39,30.9,10.81,16.94,3.74
BLD-HQ-01,MAIN,2026-07-13T16:00:00+00:00,62.47,32.73,9.83,15.54,4.37
BLD-HQ-01,MAIN,2026-07-13T17:00:00+00:00,63.64,31.85,11.23,16.97,3.59
BLD-HQ-01,MAIN,2026-07-13T18:00:00+00:00,65.79,30.89,11.39,19.71,3.79
BLD-HQ-01,MAIN,2026-07-13T19:00:00+00:00,44.03,20.82,7.93,11.07,4.21
BLD-HQ-01,MAIN,2026-07-13T20:00:00+00:00,48.22,24.88,7.23,12.25,3.86
BLD-HQ-01,MAIN,2026-07-13T21:00:00+00:00,46.03,22.86,6.95,12.32,3.9
BLD-HQ-01,MAIN,2026-07-13T22:00:00+00:00,47.35,24.29,7.12,12.54,3.41
BLD-HQ-01,MAIN,2026-07-13T23:00:00+00:00,45.91,22.98,8.64,10.53,3.77
BLD-HQ-01,MAIN,2026-07-14T00:00:00+00:00,46.85,24.93,7.36,10.53,4.04
BLD-HQ-01,MAIN,2026-07-14T01:00:00+00:00,45.84,22.6,7.22,11.72,4.29
BLD-HQ-01,MAIN,2026-07-14T02:00:00+00:00,42.13,19.63,7.43,10.83,4.24
BLD-HQ-01,MAIN,2026-07-14T03:00:00+00:00,49.96,26.41,7.61,11.63,4.31
BLD-HQ-01,MAIN,2026-07-14T04:00:00+00:00,48.11,24.21,8.32,11.66,3.93
BLD-HQ-01,MAIN,2026-07-14T05:00:00+00:00,42.09,21.33,7.25,9.86,3.64
BLD-HQ-01,MAIN,2026-07-14T06:00:00+00:00,46.33,23.19,7.73,11.68,3.74
BLD-HQ-01,MAIN,2026-07-14T07:00:00+00:00,50.65,22.97,8.5,14.61,4.57
BLD-HQ-01,MAIN,2026-07-14T08:00:00+00:00,62.09,31.09,10.39,16.39,4.22
BLD-HQ-01,MAIN,2026-07-14T09:00:00+00:00,65.14,32.88,11.37,17.11,3.79
BLD-HQ-01,MAIN,2026-07-14T10:00:00+00:00,66.53,33.49,11.82,16.98,4.24
BLD-HQ-01,MAIN,2026-07-14T11:00:00+00:00,64.69,31.36,11.3,18.24,3.79
BLD-HQ-01,MAIN,2026-07-14T12:00:00+00:00,64.13,32.34,11.38,17.01,3.39
BLD-HQ-01,MAIN,2026-07-14T13:00:00+00:00,63.81,31.99,10.61,17.7,3.52
BLD-HQ-01,MAIN,2026-07-14T14:00:00+00:00,65.39,33.01,11.36,17.53,3.49
BLD-HQ-01,MAIN,2026-07-14T15:00:00+00:00,64.52,32.57,10.73,16.92,4.3
BLD-HQ-01,MAIN,2026-07-14T16:00:00+00:00,64.95,32.4,10.51,17.38,4.66
BLD-HQ-01,MAIN,2026-07-14T17:00:00+00:00,64.61,32.17,11.51,17.49,3.43
BLD-HQ-01,MAIN,2026-07-14T18:00:00+00:00,69.95,34.03,11.78,20.0,4.15
BLD-HQ-01,MAIN,2026-07-14T19:00:00+00:00,45.89,21.19,7.97,12.28,4.44
BLD-HQ-01,MAIN,2026-07-14T20:00:00+00:00,44.35,20.96,7.66,12.82,2.9
BLD-HQ-01,MAIN,2026-07-14T21:00:00+00:00,47.31,24.35,8.03,11.06,3.86
BLD-HQ-01,MAIN,2026-07-14T22:00:00+00:00,47.37,22.9,8.49,12.68,3.3
BLD-HQ-01,MAIN,2026-07-14T23:00:00+00:00,49.06,26.21,8.47,9.99,4.39
BLD-HQ-01,MAIN,2026-07-15T00:00:00+00:00,46.75,22.32,8.01,11.79,4.63
BLD-HQ-01,MAIN,2026-07-15T01:00:00+00:00,46.55,21.52,8.15,12.77,4.1
BLD-HQ-01,MAIN,2026-07-15T02:00:00+00:00,45.48,22.82,8.05,11.12,3.49
BLD-HQ-01,MAIN,2026-07-15T03:00:00+00:00,47.14,24.1,7.51,11.11,4.42
BLD-HQ-01,MAIN,2026-07-15T04:00:00+00:00,45.79,21.49,8.42,11.15,4.73
BLD-HQ-01,MAIN,2026-07-15T05:00:00+00:00,43.14,22.07,8.54,9.01,3.52
BLD-HQ-01,MAIN,2026-07-15T06:00:00+00:00,47.64,24.97,7.82,11.97,2.89
BLD-HQ-01,MAIN,2026-07-15T07:00:00+00:00,44.5,21.51,7.17,11.67,4.14
BLD-HQ-01,MAIN,2026-07-15T08:00:00+00:00,66.14,31.67,11.04,18.23,5.2
BLD-HQ-01,MAIN,2026-07-15T09:00:00+00:00,61.61,31.0,10.87,16.95,2.8
BLD-HQ-01,MAIN,2026-07-15T10:00:00+00:00,68.48,33.07,12.87,18.97,3.58
BLD-HQ-01,MAIN,2026-07-15T11:00:00+00:00,62.33,31.74,10.18,16.82,3.58
BLD-HQ-01,MAIN,2026-07-15T12:00:00+00:00,65.91,33.57,11.29,17.12,3.93
BLD-HQ-01,MAIN,2026-07-15T13:00:00+00:00,64.6,32.09,11.17,17.33,4.01
BLD-HQ-01,MAIN,2026-07-15T14:00:00+00:00,63.45,28.84,12.23,18.19,4.2
BLD-HQ-01,MAIN,2026-07-15T15:00:00+00:00,58.68,29.61,10.87,15.03,3.16
BLD-HQ-01,MAIN,2026-07-15T16:00:00+00:00,64.74,30.45,10.74,19.55,4.01
BLD-HQ-01,MAIN,2026-07-15T17:00:00+00:00,66.38,32.76,10.89,18.28,4.45
BLD-HQ-01,MAIN,2026-07-15T18:00:00+00:00,70.01,35.28,10.59,19.95,4.19
BLD-HQ-01,MAIN,2026-07-15T19:00:00+00:00,46.52,21.64,7.83,13.31,3.74
BLD-HQ-01,MAIN,2026-07-15T20:00:00+00:00,44.28,19.79,7.74,12.85,3.91
BLD-HQ-01,MAIN,2026-07-15T21:00:00+00:00,45.97,22.57,7.92,11.11,4.37
BLD-HQ-01,MAIN,2026-07-15T22:00:00+00:00,46.85,23.96,7.76,11.33,3.79
BLD-HQ-01,MAIN,2026-07-15T23:00:00+00:00,41.07,20.99,7.49,9.22,3.38
BLD-HQ-01,MAIN,2026-07-16T00:00:00+00:00,47.28,22.95,8.71,11.48,4.14
BLD-HQ-01,MAIN,2026-07-16T01:00:00+00:00,44.04,22.24,6.77,10.57,4.44
BLD-HQ-01,MAIN,2026-07-16T02:00:00+00:00,47.08,23.2,7.81,11.55,4.52
BLD-HQ-01,MAIN,2026-07-16T03:00:00+00:00,48.03,25.51,8.98,9.42,4.11
BLD-HQ-01,MAIN,2026-07-16T04:00:00+00:00,49.21,24.33,9.14,11.48,4.25
BLD-HQ-01,MAIN,2026-07-16T05:00:00+00:00,48.68,24.71,7.86,12.25,3.86
BLD-HQ-01,MAIN,2026-07-16T06:00:00+00:00,44.77,20.81,8.77,11.36,3.83
BLD-HQ-01,MAIN,2026-07-16T07:00:00+00:00,47.36,23.37,7.83,12.47,3.7
BLD-HQ-01,MAIN,2026-07-16T08:00:00+00:00,65.38,30.85,11.04,19.23,4.25
BLD-HQ-01,MAIN,2026-07-16T09:00:00+00:00,65.11,32.05,11.48,18.09,3.49
BLD-HQ-01,MAIN,2026-07-16T10:00:00+00:00,65.05,31.28,12.52,17.95,3.3
BLD-HQ-01,MAIN,2026-07-16T11:00:00+00:00,63.68,30.15,9.86,18.9,4.77
BLD-HQ-01,MAIN,2026-07-16T12:00:00+00:00,62.32,29.93,10.74,17.69,3.97
BLD-HQ-01,MAIN,2026-07-16T13:00:00+00:00,84.11,51.22,11.37,17.94,3.59
BLD-HQ-01,MAIN,2026-07-16T14:00:00+00:00,65.95,32.88,11.4,17.6,4.07
BLD-HQ-01,MAIN,2026-07-16T15:00:00+00:00,63.99,32.59,11.27,16.1,4.03
BLD-HQ-01,MAIN,2026-07-16T16:00:00+00:00,64.45,31.33,10.67,18.76,3.69
BLD-HQ-01,MAIN,2026-07-16T17:00:00+00:00,67.46,33.55,10.76,19.09,4.06
BLD-HQ-01,MAIN,2026-07-16T18:00:00+00:00,65.86,33.2,10.29,17.88,4.49
BLD-HQ-01,MAIN,2026-07-16T19:00:00+00:00,45.56,23.68,7.43,10.46,3.99
BLD-HQ-01,MAIN,2026-07-16T20:00:00+00:00,41.75,21.15,7.76,9.18,3.66
BLD-HQ-01,MAIN,2026-07-16T21:00:00+00:00,47.46,22.76,7.76,12.45,4.49
BLD-HQ-01,MAIN,2026-07-16T22:00:00+00:00,43.08,21.41,7.42,10.12,4.13
BLD-HQ-01,MAIN,2026-07-16T23:00:00+00:00,45.57,23.72,8.83,9.94,3.07
BLD-HQ-01,MAIN,2026-07-17T00:00:00+00:00,45.33,23.59,7.89,10.56,3.3
BLD-HQ-01,MAIN,2026-07-17T01:00:00+00:00,45.49,22.35,7.88,10.4,4.87
BLD-HQ-01,MAIN,2026-07-17T02:00:00+00:00,44.84,22.56,8.61,10.43,3.24
BLD-HQ-01,MAIN,2026-07-17T03:00:00+00:00,44.78,21.63,8.31,11.1,3.74
BLD-HQ-01,MAIN,2026-07-17T04:00:00+00:00,47.68,24.4,9.21,9.45,4.61
BLD-HQ-01,MAIN,2026-07-17T05:00:00+00:00,44.24,21.36,7.79,11.63,3.46
BLD-HQ-01,MAIN,2026-07-17T06:00:00+00:00,46.53,24.04,7.51,10.57,4.41
BLD-HQ-01,MAIN,2026-07-17T07:00:00+00:00,45.07,23.34,7.45,10.88,3.4
BLD-HQ-01,MAIN,2026-07-17T08:00:00+00:00,62.58,31.14,11.2,17.51,2.73
BLD-HQ-01,MAIN,2026-07-17T09:00:00+00:00,65.81,31.36,11.25,18.72,4.48
BLD-HQ-01,MAIN,2026-07-17T10:00:00+00:00,64.94,30.9,12.0,18.48,3.57
BLD-HQ-01,MAIN,2026-07-17T11:00:00+00:00,64.26,29.9,11.72,18.22,4.42
BLD-HQ-01,MAIN,2026-07-17T12:00:00+00:00,67.88,34.37,10.81,17.97,4.73
BLD-HQ-01,MAIN,2026-07-17T13:00:00+00:00,64.36,31.1,10.06,18.98,4.21
BLD-HQ-01,MAIN,2026-07-17T14:00:00+00:00,63.89,31.4,11.49,17.34,3.66
BLD-HQ-01,MAIN,2026-07-17T15:00:00+00:00,62.23,30.77,10.32,17.51,3.63
BLD-HQ-01,MAIN,2026-07-17T16:00:00+00:00,62.29,29.04,10.55,18.55,4.14
BLD-HQ-01,MAIN,2026-07-17T17:00:00+00:00,67.33,33.79,10.51,19.31,3.73
BLD-HQ-01,MAIN,2026-07-17T18:00:00+00:00,65.75,32.54,11.58,18.43,3.19
BLD-HQ-01,MAIN,2026-07-17T19:00:00+00:00,44.67,21.1,8.17,11.01,4.39
BLD-HQ-01,MAIN,2026-07-17T20:00:00+00:00,46.09,23.81,6.5,12.31,3.46
BLD-HQ-01,MAIN,2026-07-17T21:00:00+00:00,48.05,25.33,8.0,10.04,4.68
BLD-HQ-01,MAIN,2026-07-17T22:00:00+00:00,45.88,23.8,6.72,10.68,4.7
BLD-HQ-01,MAIN,2026-07-17T23:00:00+00:00,48.51,24.88,7.65,11.6,4.38
BLD-HQ-01,MAIN,2026-07-18T00:00:00+00:00,40.07,20.62,5.94,9.39,4.13
BLD-HQ-01,MAIN,2026-07-18T01:00:00+00:00,36.94,19.28,6.01,8.14,3.51
BLD-HQ-01,MAIN,2026-07-18T02:00:00+00:00,40.4,22.33,5.66,8.74,3.67
BLD-HQ-01,MAIN,2026-07-18T03:00:00+00:00,36.69,17.2,6.39,8.82,4.27
BLD-HQ-01,MAIN,2026-07-18T04:00:00+00:00,39.81,20.45,6.58,9.26,3.52
BLD-HQ-01,MAIN,2026-07-18T05:00:00+00:00,38.82,19.77,6.52,8.43,4.11
BLD-HQ-01,MAIN,2026-07-18T06:00:00+00:00,34.3,17.06,6.11,6.87,4.27
BLD-HQ-01,MAIN,2026-07-18T07:00:00+00:00,38.97,19.85,7.24,8.12,3.75
BLD-HQ-01,MAIN,2026-07-18T08:00:00+00:00,46.04,23.57,7.1,11.52,3.85
BLD-HQ-01,MAIN,2026-07-18T09:00:00+00:00,41.05,20.62,7.76,8.96,3.72
BLD-HQ-01,MAIN,2026-07-18T10:00:00+00:00,44.64,22.59,7.49,10.81,3.76
BLD-HQ-01,MAIN,2026-07-18T11:00:00+00:00,42.65,19.2,7.52,11.74,4.19
BLD-HQ-01,MAIN,2026-07-18T12:00:00+00:00,47.15,22.81,7.71,12.53,4.1
BLD-HQ-01,MAIN,2026-07-18T13:00:00+00:00,39.4,19.75,6.96,8.83,3.86
BLD-HQ-01,MAIN,2026-07-18T14:00:00+00:00,42.77,21.26,7.32,10.17,4.02
BLD-HQ-01,MAIN,2026-07-18T15:00:00+00:00,45.0,21.91,6.6,12.64,3.85
BLD-HQ-01,MAIN,2026-07-18T16:00:00+00:00,42.38,19.44,7.01,12.29,3.64
BLD-HQ-01,MAIN,2026-07-18T17:00:00+00:00,43.9,20.56,7.46,11.52,4.37
BLD-HQ-01,MAIN,2026-07-18T18:00:00+00:00,45.02,22.87,7.51,10.37,4.27
BLD-HQ-01,MAIN,2026-07-18T19:00:00+00:00,39.71,18.11,7.54,10.06,4.01
BLD-HQ-01,MAIN,2026-07-18T20:00:00+00:00,36.72,18.87,5.91,7.76,4.19
BLD-HQ-01,MAIN,2026-07-18T21:00:00+00:00,34.98,17.47,5.22,8.21,4.08
BLD-HQ-01,MAIN,2026-07-18T22:00:00+00:00,40.22,21.11,5.64,9.6,3.87
BLD-HQ-01,MAIN,2026-07-18T23:00:00+00:00,34.77,16.63,6.71,7.62,3.8
BLD-HQ-01,MAIN,2026-07-19T00:00:00+00:00,39.29,19.48,6.88,9.3,3.64
BLD-HQ-01,MAIN,2026-07-19T01:00:00+00:00,38.51,19.16,7.2,8.42,3.74
BLD-HQ-01,MAIN,2026-07-19T02:00:00+00:00,38.62,20.79,6.06,8.29,3.48
BLD-HQ-01,MAIN,2026-07-19T03:00:00+00:00,36.93,18.61,5.82,9.09,3.4
BLD-HQ-01,MAIN,2026-07-19T04:00:00+00:00,35.39,19.21,5.08,7.3,3.79
BLD-HQ-01,MAIN,2026-07-19T05:00:00+00:00,39.52,19.63,6.32,9.88,3.69
BLD-HQ-01,MAIN,2026-07-19T06:00:00+00:00,33.51,15.56,6.21,8.21,3.52
BLD-HQ-01,MAIN,2026-07-19T07:00:00+00:00,39.31,20.6,6.39,7.43,4.88
BLD-HQ-01,MAIN,2026-07-19T08:00:00+00:00,48.02,25.2,8.18,10.88,3.76
BLD-HQ-01,MAIN,2026-07-19T09:00:00+00:00,46.11,23.66,8.34,10.25,3.86
BLD-HQ-01,MAIN,2026-07-19T10:00:00+00:00,42.35,19.23,7.34,10.99,4.79
BLD-HQ-01,MAIN,2026-07-19T11:00:00+00:00,44.96,22.64,7.65,10.61,4.06
BLD-HQ-01,MAIN,2026-07-19T12:00:00+00:00,44.48,21.4,7.73,11.5,3.85
BLD-HQ-01,MAIN,2026-07-19T13:00:00+00:00,45.2,21.95,8.48,10.78,3.99
BLD-HQ-01,MAIN,2026-07-19T14:00:00+00:00,46.29,23.13,6.22,12.42,4.52
BLD-HQ-01,MAIN,2026-07-19T15:00:00+00:00,41.95,18.62,7.95,11.16,4.21
BLD-HQ-01,MAIN,2026-07-19T16:00:00+00:00,44.32,24.31,6.77,9.31,3.93
BLD-HQ-01,MAIN,2026-07-19T17:00:00+00:00,42.28,22.01,7.11,8.37,4.8
BLD-HQ-01,MAIN,2026-07-19T18:00:00+00:00,46.75,22.97,7.87,11.88,4.03
BLD-HQ-01,MAIN,2026-07-19T19:00:00+00:00,36.3,18.74,7.03,7.79,2.73
BLD-HQ-01,MAIN,2026-07-19T20:00:00+00:00,39.98,18.29,6.05,11.21,4.43
BLD-HQ-01,MAIN,2026-07-19T21:00:00+00:00,40.85,21.26,5.61,9.66,4.31
BLD-HQ-01,MAIN,2026-07-19T22:00:00+00:00,37.42,20.39,5.17,8.25,3.61
BLD-HQ-01,MAIN,2026-07-19T23:00:00+00:00,38.74,18.19,6.16,10.39,4.01
BLD-HQ-01,MAIN,2026-07-20T00:00:00+00:00,46.64,22.57,7.36,11.9,4.81
BLD-HQ-01,MAIN,2026-07-20T01:00:00+00:00,45.97,22.66,9.25,10.23,3.82
BLD-HQ-01,MAIN,2026-07-20T02:00:00+00:00,45.61,23.87,6.77,9.9,5.07
BLD-HQ-01,MAIN,2026-07-20T03:00:00+00:00,47.28,22.35,6.75,13.94,4.23
BLD-HQ-01,MAIN,2026-07-20T04:00:00+00:00,49.27,25.36,7.04,13.24,3.63
BLD-HQ-01,MAIN,2026-07-20T05:00:00+00:00,45.8,22.8,6.88,11.59,4.52
BLD-HQ-01,MAIN,2026-07-20T06:00:00+00:00,41.64,20.14,5.88,11.75,3.87
BLD-HQ-01,MAIN,2026-07-20T07:00:00+00:00,48.26,22.95,8.16,12.81,4.35
BLD-HQ-01,MAIN,2026-07-20T08:00:00+00:00,62.95,31.36,11.06,16.54,4.0
BLD-HQ-01,MAIN,2026-07-20T09:00:00+00:00,61.65,30.53,9.83,17.2,4.1
BLD-HQ-01,MAIN,2026-07-20T10:00:00+00:00,66.71,32.45,10.24,19.01,5.02
BLD-HQ-01,MAIN,2026-07-20T11:00:00+00:00,64.17,33.75,10.57,17.23,2.63
BLD-HQ-01,MAIN,2026-07-20T12:00:00+00:00,63.81,29.72,11.57,18.27,4.25
BLD-HQ-01,MAIN,2026-07-20T13:00:00+00:00,90.28,57.97,9.95,18.49,3.86
BLD-HQ-01,MAIN,2026-07-20T14:00:00+00:00,65.17,32.17,11.28,17.77,3.95
BLD-HQ-01,MAIN,2026-07-20T15:00:00+00:00,67.17,32.73,10.8,19.94,3.69
BLD-HQ-01,MAIN,2026-07-20T16:00:00+00:00,63.96,30.09,10.77,19.08,4.02
BLD-HQ-01,MAIN,2026-07-20T17:00:00+00:00,66.13,32.28,10.75,19.03,4.08
BLD-HQ-01,MAIN,2026-07-20T18:00:00+00:00,64.72,33.56,11.06,17.39,2.72
BLD-HQ-01,MAIN,2026-07-20T19:00:00+00:00,44.02,21.5,7.04,11.4,4.09
BLD-HQ-01,MAIN,2026-07-20T20:00:00+00:00,47.04,21.49,8.04,13.56,3.95
BLD-HQ-01,MAIN,2026-07-20T21:00:00+00:00,49.24,25.13,8.42,11.92,3.76
BLD-HQ-01,MAIN,2026-07-20T22:00:00+00:00,45.97,23.13,7.93,10.56,4.35
BLD-HQ-01,MAIN,2026-07-20T23:00:00+00:00,48.39,24.9,8.1,11.12,4.27
BLD-HQ-01,MAIN,2026-07-21T00:00:00+00:00,42.76,18.65,8.57,12.41,3.13
BLD-HQ-01,MAIN,2026-07-21T01:00:00+00:00,49.87,25.56,7.02,12.79,4.51
BLD-HQ-01,MAIN,2026-07-21T02:00:00+00:00,45.18,22.7,8.43,10.45,3.6
BLD-HQ-01,MAIN,2026-07-21T03:00:00+00:00,45.91,22.49,8.27,11.03,4.12
BLD-HQ-01,MAIN,2026-07-21T04:00:00+00:00,43.97,22.91,6.86,10.91,3.28
BLD-HQ-01,MAIN,2026-07-21T05:00:00+00:00,46.06,21.81,8.19,11.7,4.37
BLD-HQ-01,MAIN,2026-07-21T06:00:00+00:00,50.57,26.65,7.78,10.73,5.41
BLD-HQ-01,MAIN,2026-07-21T07:00:00+00:00,45.31,23.58,7.47,10.2,4.06
BLD-HQ-01,MAIN,2026-07-21T08:00:00+00:00,62.18,30.57,10.79,16.79,4.02
BLD-HQ-01,MAIN,2026-07-21T09:00:00+00:00,60.95,31.14,10.56,15.94,3.31
BLD-HQ-01,MAIN,2026-07-21T10:00:00+00:00,62.21,30.1,10.9,18.08,3.13
BLD-HQ-01,MAIN,2026-07-21T11:00:00+00:00,68.38,33.77,12.2,18.34,4.07
BLD-HQ-01,MAIN,2026-07-21T12:00:00+00:00,91.31,58.57,10.55,17.87,4.31
BLD-HQ-01,MAIN,2026-07-21T13:00:00+00:00,63.27,32.09,10.64,17.59,2.96
BLD-HQ-01,MAIN,2026-07-21T14:00:00+00:00,67.48,32.56,11.51,19.54,3.87
BLD-HQ-01,MAIN,2026-07-21T15:00:00+00:00,65.74,32.13,10.38,19.03,4.2
BLD-HQ-01,MAIN,2026-07-21T16:00:00+00:00,65.67,32.54,11.19,17.74,4.19
BLD-HQ-01,MAIN,2026-07-21T17:00:00+00:00,65.03,32.83,9.86,17.48,4.86
BLD-HQ-01,MAIN,2026-07-21T18:00:00+00:00,63.64,32.85,10.38,17.62,2.8
BLD-HQ-01,MAIN,2026-07-21T19:00:00+00:00,46.17,23.1,7.72,11.33,4.02
BLD-HQ-01,MAIN,2026-07-21T20:00:00+00:00,46.1,22.33,8.18,11.76,3.83
BLD-HQ-01,MAIN,2026-07-21T21:00:00+00:00,45.18,21.96,7.81,11.91,3.5
BLD-HQ-01,MAIN,2026-07-21T22:00:00+00:00,51.06,27.53,7.92,11.64,3.97
BLD-HQ-01,MAIN,2026-07-21T23:00:00+00:00,45.19,22.32,7.87,11.48,3.51
BLD-HQ-01,MAIN,2026-07-22T00:00:00+00:00,41.71,19.5,7.62,10.42,4.17
BLD-HQ-01,MAIN,2026-07-22T01:00:00+00:00,46.61,23.76,7.55,10.88,4.43
BLD-HQ-01,MAIN,2026-07-22T02:00:00+00:00,42.65,20.04,7.9,10.8,3.91
BLD-HQ-01,MAIN,2026-07-22T03:00:00+00:00,46.83,23.06,7.56,12.25,3.96
BLD-HQ-01,MAIN,2026-07-22T04:00:00+00:00,45.14,20.56,9.45,11.03,4.09
BLD-HQ-01,MAIN,2026-07-22T05:00:00+00:00,46.41,23.95,7.25,11.87,3.35
BLD-HQ-01,MAIN,2026-07-22T06:00:00+00:00,43.42,19.62,7.91,12.52,3.36
BLD-HQ-01,MAIN,2026-07-22T07:00:00+00:00,47.14,22.69,8.1,11.37,4.97
BLD-HQ-01,MAIN,2026-07-22T08:00:00+00:00,65.58,31.51,9.98,20.22,3.87
BLD-HQ-01,MAIN,2026-07-22T09:00:00+00:00,68.1,31.57,10.94,21.72,3.87
BLD-HQ-01,MAIN,2026-07-22T10:00:00+00:00,67.19,32.57,11.42,20.3,2.91
BLD-HQ-01,MAIN,2026-07-22T11:00:00+00:00,64.46,28.54,10.78,21.24,3.88
BLD-HQ-01,MAIN,2026-07-22T12:00:00+00:00,65.03,32.44,11.4,17.06,4.13
BLD-HQ-01,MAIN,2026-07-22T13:00:00+00:00,60.87,28.35,11.41,17.02,4.09
BLD-HQ-01,MAIN,2026-07-22T14:00:00+00:00,67.19,34.75,11.36,17.22,3.86
BLD-HQ-01,MAIN,2026-07-22T15:00:00+00:00,62.99,31.1,10.0,17.87,4.02
BLD-HQ-01,MAIN,2026-07-22T16:00:00+00:00,63.24,29.35,11.17,18.38,4.33
BLD-HQ-01,MAIN,2026-07-22T17:00:00+00:00,63.46,32.28,10.75,15.71,4.72
BLD-HQ-01,MAIN,2026-07-22T18:00:00+00:00,64.51,32.99,10.34,16.25,4.93
BLD-HQ-01,MAIN,2026-07-22T19:00:00+00:00,49.92,23.98,7.42,15.01,3.5
BLD-HQ-01,MAIN,2026-07-22T20:00:00+00:00,44.89,21.56,8.13,10.41,4.79
BLD-HQ-01,MAIN,2026-07-22T21:00:00+00:00,41.83,19.56,7.44,11.14,3.68
BLD-HQ-01,MAIN,2026-07-22T22:00:00+00:00,43.13,21.04,8.33,9.85,3.91
BLD-HQ-01,MAIN,2026-07-22T23:00:00+00:00,43.77,21.91,7.33,10.72,3.81
BLD-HQ-01,MAIN,2026-07-23T00:00:00+00:00,46.32,20.86,8.49,12.09,4.88
BLD-HQ-01,MAIN,2026-07-23T01:00:00+00:00,42.93,21.67,7.94,8.62,4.7
BLD-HQ-01,MAIN,2026-07-23T02:00:00+00:00,45.88,24.37,7.91,9.83,3.76
BLD-HQ-01,MAIN,2026-07-23T03:00:00+00:00,42.62,19.5,7.54,11.23,4.36
BLD-HQ-01,MAIN,2026-07-23T04:00:00+00:00,49.79,24.55,7.52,12.93,4.79
BLD-HQ-01,MAIN,2026-07-23T05:00:00+00:00,45.52,22.96,8.41,11.42,2.74
BLD-HQ-01,MAIN,2026-07-23T06:00:00+00:00,41.99,19.92,7.35,11.28,3.45
BLD-HQ-01,MAIN,2026-07-23T07:00:00+00:00,48.68,25.41,7.21,12.11,3.96
BLD-HQ-01,MAIN,2026-07-23T08:00:00+00:00,62.37,31.82,11.06,16.02,3.48
BLD-HQ-01,MAIN,2026-07-23T09:00:00+00:00,66.89,32.97,10.34,19.5,4.08
BLD-HQ-01,MAIN,2026-07-23T10:00:00+00:00,64.77,32.24,10.36,17.86,4.3
BLD-HQ-01,MAIN,2026-07-23T11:00:00+00:00,67.73,33.01,11.1,19.42,4.2
BLD-HQ-01,MAIN,2026-07-23T12:00:00+00:00,65.26,33.12,10.59,17.81,3.73
BLD-HQ-01,MAIN,2026-07-23T13:00:00+00:00,68.46,34.51,11.27,19.47,3.21
BLD-HQ-01,MAIN,2026-07-23T14:00:00+00:00,68.04,35.13,11.42,17.58,3.9
BLD-HQ-01,MAIN,2026-07-23T15:00:00+00:00,65.08,32.0,10.07,18.59,4.42
BLD-HQ-01,MAIN,2026-07-23T16:00:00+00:00,60.62,30.35,9.97,16.52,3.79
BLD-HQ-01,MAIN,2026-07-23T17:00:00+00:00,64.77,32.2,11.02,17.14,4.4
BLD-HQ-01,MAIN,2026-07-23T18:00:00+00:00,67.05,32.39,11.07,20.08,3.51
BLD-HQ-01,MAIN,2026-07-23T19:00:00+00:00,45.55,21.68,9.01,11.54,3.31
BLD-HQ-01,MAIN,2026-07-23T20:00:00+00:00,46.77,23.8,8.23,10.58,4.16
BLD-HQ-01,MAIN,2026-07-23T21:00:00+00:00,47.36,24.36,7.75,12.32,2.92
BLD-HQ-01,MAIN,2026-07-23T22:00:00+00:00,46.53,23.34,7.03,12.04,4.12
BLD-HQ-01,MAIN,2026-07-23T23:00:00+00:00,48.21,21.4,8.72,13.89,4.2
BLD-HQ-01,MAIN,2026-07-24T00:00:00+00:00,48.42,23.15,8.8,12.1,4.38
BLD-HQ-01,MAIN,2026-07-24T01:00:00+00:00,46.09,21.4,8.06,12.54,4.09
BLD-HQ-01,MAIN,2026-07-24T02:00:00+00:00,43.72,21.36,8.09,9.7,4.57
BLD-HQ-01,MAIN,2026-07-24T03:00:00+00:00,44.57,21.49,7.42,11.24,4.42
BLD-HQ-01,MAIN,2026-07-24T04:00:00+00:00,44.18,20.04,7.42,12.82,3.91
BLD-HQ-01,MAIN,2026-07-24T05:00:00+00:00,49.06,23.62,7.23,14.11,4.1
BLD-HQ-01,MAIN,2026-07-24T06:00:00+00:00,48.17,24.26,7.67,11.41,4.83
BLD-HQ-01,MAIN,2026-07-24T07:00:00+00:00,46.28,22.42,7.82,12.79,3.25
BLD-HQ-01,MAIN,2026-07-24T08:00:00+00:00,62.89,31.93,10.75,17.16,3.05
BLD-HQ-01,MAIN,2026-07-24T09:00:00+00:00,63.54,32.75,10.47,16.29,4.03
BLD-HQ-01,MAIN,2026-07-24T10:00:00+00:00,65.09,30.93,11.09,18.71,4.36
BLD-HQ-01,MAIN,2026-07-24T11:00:00+00:00,69.63,33.43,11.73,20.64,3.82
BLD-HQ-01,MAIN,2026-07-24T12:00:00+00:00,64.6,33.94,11.34,15.31,4.0
BLD-HQ-01,MAIN,2026-07-24T13:00:00+00:00,67.67,34.07,11.61,17.56,4.43
BLD-HQ-01,MAIN,2026-07-24T14:00:00+00:00,70.1,33.49,11.1,20.12,5.39
BLD-HQ-01,MAIN,2026-07-24T15:00:00+00:00,66.26,32.07,11.43,17.56,5.19
BLD-HQ-01,MAIN,2026-07-24T16:00:00+00:00,64.74,33.14,11.5,16.65,3.45
BLD-HQ-01,MAIN,2026-07-24T17:00:00+00:00,65.41,32.86,10.09,18.22,4.23
BLD-HQ-01,MAIN,2026-07-24T18:00:00+00:00,65.7,30.39,11.78,18.89,4.64
BLD-HQ-01,MAIN,2026-07-24T19:00:00+00:00,50.2,25.22,7.94,12.97,4.07
BLD-HQ-01,MAIN,2026-07-24T20:00:00+00:00,42.84,20.95,7.36,10.58,3.95
BLD-HQ-01,MAIN,2026-07-24T21:00:00+00:00,71.9,47.73,7.73,12.39,4.05
BLD-HQ-01,MAIN,2026-07-24T22:00:00+00:00,45.84,22.66,7.23,11.59,4.37
BLD-HQ-01,MAIN,2026-07-24T23:00:00+00:00,47.55,23.96,7.89,12.25,3.45
BLD-HQ-01,MAIN,2026-07-25T00:00:00+00:00,37.01,17.77,6.73,7.98,4.53
BLD-HQ-01,MAIN,2026-07-25T01:00:00+00:00,36.99,17.71,6.74,8.01,4.53
BLD-HQ-01,MAIN,2026-07-25T02:00:00+00:00,38.48,20.19,6.0,8.8,3.48
BLD-HQ-01,MAIN,2026-07-25T03:00:00+00:00,38.24,18.2,7.05,9.6,3.38
BLD-HQ-01,MAIN,2026-07-25T04:00:00+00:00,43.03,21.77,6.06,10.46,4.75
BLD-HQ-01,MAIN,2026-07-25T05:00:00+00:00,38.61,18.24,6.37,9.09,4.91
BLD-HQ-01,MAIN,2026-07-25T06:00:00+00:00,38.18,18.27,5.84,10.36,3.71
BLD-HQ-01,MAIN,2026-07-25T07:00:00+00:00,32.85,15.22,7.22,6.48,3.93
BLD-HQ-01,MAIN,2026-07-25T08:00:00+00:00,42.93,22.3,7.28,9.23,4.13
BLD-HQ-01,MAIN,2026-07-25T09:00:00+00:00,46.26,24.14,8.02,10.41,3.69
BLD-HQ-01,MAIN,2026-07-25T10:00:00+00:00,45.41,23.29,7.77,10.81,3.54
BLD-HQ-01,MAIN,2026-07-25T11:00:00+00:00,40.37,19.69,7.57,8.67,4.45
BLD-HQ-01,MAIN,2026-07-25T12:00:00+00:00,47.99,24.57,7.13,12.36,3.92
BLD-HQ-01,MAIN,2026-07-25T13:00:00+00:00,42.8,23.27,6.35,9.39,3.8
BLD-HQ-01,MAIN,2026-07-25T14:00:00+00:00,46.09,21.96,6.77,12.91,4.44
BLD-HQ-01,MAIN,2026-07-25T15:00:00+00:00,44.7,22.49,8.13,10.13,3.95
BLD-HQ-01,MAIN,2026-07-25T16:00:00+00:00,46.64,22.83,8.2,10.97,4.64
BLD-HQ-01,MAIN,2026-07-25T17:00:00+00:00,45.58,23.67,7.9,10.95,3.05
BLD-HQ-01,MAIN,2026-07-25T18:00:00+00:00,41.73,20.05,7.21,10.64,3.82
BLD-HQ-01,MAIN,2026-07-25T19:00:00+00:00,54.29,36.3,7.14,7.53,3.31
BLD-HQ-01,MAIN,2026-07-25T20:00:00+00:00,42.52,19.6,7.11,11.52,4.29
BLD-HQ-01,MAIN,2026-07-25T21:00:00+00:00,38.12,18.87,6.6,8.97,3.67
BLD-HQ-01,MAIN,2026-07-25T22:00:00+00:00,36.24,18.71,6.86,7.12,3.54
BLD-HQ-01,MAIN,2026-07-25T23:00:00+00:00,38.71,19.49,5.81,8.73,4.69
BLD-HQ-01,MAIN,2026-07-26T00:00:00+00:00,38.15,20.17,7.0,7.01,3.97
BLD-HQ-01,MAIN,2026-07-26T01:00:00+00:00,37.82,17.33,6.76,10.05,3.68
BLD-HQ-01,MAIN,2026-07-26T02:00:00+00:00,40.37,18.79,7.3,10.3,3.99
BLD-HQ-01,MAIN,2026-07-26T03:00:00+00:00,37.4,18.52,6.56,8.14,4.18
BLD-HQ-01,MAIN,2026-07-26T04:00:00+00:00,40.31,22.12,5.89,8.03,4.28
BLD-HQ-01,MAIN,2026-07-26T05:00:00+00:00,39.4,18.56,6.82,9.69,4.32
BLD-HQ-01,MAIN,2026-07-26T06:00:00+00:00,36.21,17.63,6.02,9.08,3.47
BLD-HQ-01,MAIN,2026-07-26T07:00:00+00:00,38.14,18.89,5.2,10.72,3.33
BLD-HQ-01,MAIN,2026-07-26T08:00:00+00:00,43.38,21.62,6.84,11.41,3.51
BLD-HQ-01,MAIN,2026-07-26T09:00:00+00:00,44.0,21.96,7.68,10.28,4.07
BLD-HQ-01,MAIN,2026-07-26T10:00:00+00:00,47.77,25.25,7.71,10.67,4.13
BLD-HQ-01,MAIN,2026-07-26T11:00:00+00:00,43.95,21.66,7.95,10.89,3.46
BLD-HQ-01,MAIN,2026-07-26T12:00:00+00:00,43.27,22.08,7.23,9.75,4.21
BLD-HQ-01,MAIN,2026-07-26T13:00:00+00:00,43.15,20.39,7.53,11.14,4.09
BLD-HQ-01,MAIN,2026-07-26T14:00:00+00:00,44.0,20.82,7.88,11.8,3.49
BLD-HQ-01,MAIN,2026-07-26T15:00:00+00:00,47.13,24.37,7.31,10.71,4.73
BLD-HQ-01,MAIN,2026-07-26T16:00:00+00:00,44.61,22.88,8.09,10.1,3.55
BLD-HQ-01,MAIN,2026-07-26T17:00:00+00:00,42.84,21.68,7.15,10.73,3.28
BLD-HQ-01,MAIN,2026-07-26T18:00:00+00:00,44.23,22.66,7.17,10.26,4.14
BLD-HQ-01,MAIN,2026-07-26T19:00:00+00:00,36.17,16.55,7.11,8.08,4.43
BLD-HQ-01,MAIN,2026-07-26T20:00:00+00:00,41.97,22.58,6.05,9.88,3.46
BLD-HQ-01,MAIN,2026-07-26T21:00:00+00:00,43.31,22.96,6.21,10.2,3.95
BLD-HQ-01,MAIN,2026-07-26T22:00:00+00:00,37.98,20.07,6.8,7.34,3.76
BLD-HQ-01,MAIN,2026-07-26T23:00:00+00:00,40.37,18.69,6.9,10.72,4.06
BLD-HQ-01,MAIN,2026-07-27T00:00:00+00:00,44.75,20.98,8.18,11.71,3.88
BLD-HQ-01,MAIN,2026-07-27T01:00:00+00:00,47.06,23.94,7.48,11.67,3.98
BLD-HQ-01,MAIN,2026-07-27T02:00:00+00:00,46.66,22.25,8.83,11.86,3.71
BLD-HQ-01,MAIN,2026-07-27T03:00:00+00:00,45.91,22.68,7.65,11.54,4.04
BLD-HQ-01,MAIN,2026-07-27T04:00:00+00:00,42.12,20.42,7.13,11.36,3.21
BLD-HQ-01,MAIN,2026-07-27T05:00:00+00:00,41.95,20.87,8.19,9.01,3.88
BLD-HQ-01,MAIN,2026-07-27T06:00:00+00:00,46.29,20.3,8.89,13.39,3.71
BLD-HQ-01,MAIN,2026-07-27T07:00:00+00:00,48.35,22.13,8.16,13.17,4.89
BLD-HQ-01,MAIN,2026-07-27T08:00:00+00:00,61.27,29.03,10.91,17.56,3.77
BLD-HQ-01,MAIN,2026-07-27T09:00:00+00:00,67.79,33.68,11.76,17.79,4.55
BLD-HQ-01,MAIN,2026-07-27T10:00:00+00:00,64.33,32.04,11.26,17.69,3.33
BLD-HQ-01,MAIN,2026-07-27T11:00:00+00:00,65.31,31.23,10.92,18.53,4.63
BLD-HQ-01,MAIN,2026-07-27T12:00:00+00:00,68.31,34.55,10.98,18.0,4.78
BLD-HQ-01,MAIN,2026-07-27T13:00:00+00:00,61.54,29.61,10.6,16.92,4.4
BLD-HQ-01,MAIN,2026-07-27T14:00:00+00:00,61.5,29.25,11.16,16.95,4.15
BLD-HQ-01,MAIN,2026-07-27T15:00:00+00:00,66.05,31.45,11.3,18.63,4.67
BLD-HQ-01,MAIN,2026-07-27T16:00:00+00:00,66.1,34.22,10.38,17.82,3.68
BLD-HQ-01,MAIN,2026-07-27T17:00:00+00:00,62.59,29.29,11.2,18.44,3.66
BLD-HQ-01,MAIN,2026-07-27T18:00:00+00:00,65.65,32.74,10.92,17.72,4.27
BLD-HQ-01,MAIN,2026-07-27T19:00:00+00:00,47.78,24.85,7.83,10.84,4.25
BLD-HQ-01,MAIN,2026-07-27T20:00:00+00:00,42.26,20.77,6.75,11.24,3.49
BLD-HQ-01,MAIN,2026-07-27T21:00:00+00:00,43.12,20.68,6.95,11.66,3.84
BLD-HQ-01,MAIN,2026-07-27T22:00:00+00:00,47.26,23.68,7.45,11.42,4.71
BLD-HQ-01,MAIN,2026-07-27T23:00:00+00:00,45.11,20.82,8.29,12.44,3.55
BLD-HQ-01,MAIN,2026-07-28T00:00:00+00:00,45.54,22.24,7.39,11.54,4.37
BLD-HQ-01,MAIN,2026-07-28T01:00:00+00:00,44.7,22.49,8.33,10.18,3.69
BLD-HQ-01,MAIN,2026-07-28T02:00:00+00:00,47.05,24.61,7.04,12.24,3.16
BLD-HQ-01,MAIN,2026-07-28T03:00:00+00:00,44.91,22.33,6.99,11.3,4.3
BLD-HQ-01,MAIN,2026-07-28T04:00:00+00:00,44.73,22.05,7.53,11.32,3.83
BLD-HQ-01,MAIN,2026-07-28T05:00:00+00:00,46.44,23.7,7.35,11.55,3.84
BLD-HQ-01,MAIN,2026-07-28T06:00:00+00:00,48.74,27.19,7.93,10.14,3.48
BLD-HQ-01,MAIN,2026-07-28T07:00:00+00:00,45.78,22.53,7.93,12.33,2.99
BLD-HQ-01,MAIN,2026-07-28T08:00:00+00:00,63.1,32.36,10.4,16.28,4.06
BLD-HQ-01,MAIN,2026-07-28T09:00:00+00:00,66.07,32.6,11.79,18.13,3.55
BLD-HQ-01,MAIN,2026-07-28T10:00:00+00:00,66.72,32.81,11.73,18.57,3.61
BLD-HQ-01,MAIN,2026-07-28T11:00:00+00:00,65.55,31.9,10.79,19.47,3.39
BLD-HQ-01,MAIN,2026-07-28T12:00:00+00:00,65.67,33.2,11.11,16.48,4.89
BLD-HQ-01,MAIN,2026-07-28T13:00:00+00:00,66.44,33.9,11.29,16.53,4.71
BLD-HQ-01,MAIN,2026-07-28T14:00:00+00:00,66.2,30.44,11.78,18.71,5.27
BLD-HQ-01,MAIN,2026-07-28T15:00:00+00:00,60.69,27.94,11.2,17.58,3.96
BLD-HQ-01,MAIN,2026-07-28T16:00:00+00:00,65.65,33.34,9.96,17.76,4.58
BLD-HQ-01,MAIN,2026-07-28T17:00:00+00:00,65.47,32.03,10.52,18.69,4.23
BLD-HQ-01,MAIN,2026-07-28T18:00:00+00:00,65.56,31.67,11.04,18.58,4.28
BLD-HQ-01,MAIN,2026-07-28T19:00:00+00:00,44.01,21.47,8.17,10.88,3.49
BLD-HQ-01,MAIN,2026-07-28T20:00:00+00:00,40.9,18.02,8.47,9.64,4.78
BLD-HQ-01,MAIN,2026-07-28T21:00:00+00:00,47.64,23.49,8.1,11.48,4.58
BLD-HQ-01,MAIN,2026-07-28T22:00:00+00:00,44.17,21.43,8.14,10.64,3.95
BLD-HQ-01,MAIN,2026-07-28T23:00:00+00:00,48.18,22.74,8.42,12.32,4.7
BLD-HQ-01,MAIN,2026-07-29T00:00:00+00:00,48.88,25.03,7.55,12.34,3.97
BLD-HQ-01,MAIN,2026-07-29T01:00:00+00:00,49.15,25.11,7.63,11.76,4.64
BLD-HQ-01,MAIN,2026-07-29T02:00:00+00:00,48.05,23.65,7.73,12.37,4.3
BLD-HQ-01,MAIN,2026-07-29T03:00:00+00:00,49.85,26.11,7.47,11.69,4.58
BLD-HQ-01,MAIN,2026-07-29T04:00:00+00:00,43.08,21.17,7.17,10.72,4.02
BLD-HQ-01,MAIN,2026-07-29T05:00:00+00:00,44.77,22.47,7.9,11.18,3.23
BLD-HQ-01,MAIN,2026-07-29T06:00:00+00:00,47.87,22.44,8.68,12.12,4.63
BLD-HQ-01,MAIN,2026-07-29T07:00:00+00:00,46.57,22.58,7.04,13.26,3.69
BLD-HQ-01,MAIN,2026-07-29T08:00:00+00:00,62.81,30.29,10.77,18.48,3.27
BLD-HQ-01,MAIN,2026-07-29T09:00:00+00:00,64.41,30.07,11.04,19.1,4.21
BLD-HQ-01,MAIN,2026-07-29T10:00:00+00:00,65.98,32.67,11.0,19.16,3.15
BLD-HQ-01,MAIN,2026-07-29T11:00:00+00:00,65.24,30.82,11.12,18.82,4.48
BLD-HQ-01,MAIN,2026-07-29T12:00:00+00:00,66.89,33.69,10.91,18.0,4.3
BLD-HQ-01,MAIN,2026-07-29T13:00:00+00:00,91.27,58.69,12.42,16.27,3.89
BLD-HQ-01,MAIN,2026-07-29T14:00:00+00:00,61.97,28.43,11.12,18.44,3.98
BLD-HQ-01,MAIN,2026-07-29T15:00:00+00:00,65.3,30.36,10.91,19.82,4.21
BLD-HQ-01,MAIN,2026-07-29T16:00:00+00:00,62.07,29.65,11.27,17.53,3.62
BLD-HQ-01,MAIN,2026-07-29T17:00:00+00:00,63.64,31.59,10.8,17.19,4.07
BLD-HQ-01,MAIN,2026-07-29T18:00:00+00:00,63.96,31.4,10.98,16.68,4.9
BLD-HQ-01,MAIN,2026-07-29T19:00:00+00:00,44.71,23.8,7.07,10.01,3.84
BLD-HQ-01,MAIN,2026-07-29T20:00:00+00:00,48.07,24.56,7.87,11.81,3.83
BLD-HQ-01,MAIN,2026-07-29T21:00:00+00:00,47.0,23.42,7.34,12.28,3.96
BLD-HQ-01,MAIN,2026-07-29T22:00:00+00:00,45.18,21.0,8.67,11.37,4.15
BLD-HQ-01,MAIN,2026-07-29T23:00:00+00:00,44.74,22.48,8.04,11.01,3.21
BLD-HQ-01,MAIN,2026-07-30T00:00:00+00:00,42.9,21.82,7.2,10.0,3.89
BLD-HQ-01,MAIN,2026-07-30T01:00:00+00:00,47.77,22.15,7.9,13.08,4.64
BLD-HQ-01,MAIN,2026-07-30T02:00:00+00:00,47.61,24.3,8.22,11.54,3.55
BLD-HQ-01,MAIN,2026-07-30T03:00:00+00:00,45.9,23.62,7.46,11.39,3.44
BLD-HQ-01,MAIN,2026-07-30T04:00:00+00:00,45.18,22.92,7.84,10.88,3.54
BLD-HQ-01,MAIN,2026-07-30T05:00:00+00:00,44.92,21.23,7.17,12.43,4.09
BLD-HQ-01,MAIN,2026-07-30T06:00:00+00:00,48.04,23.68,7.1,12.7,4.56
BLD-HQ-01,MAIN,2026-07-30T07:00:00+00:00,46.91,22.78,8.23,11.3,4.59
BLD-HQ-01,MAIN,2026-07-30T08:00:00+00:00,63.45,31.63,10.3,17.5,4.02
BLD-HQ-01,MAIN,2026-07-30T09:00:00+00:00,67.67,33.03,11.64,18.88,4.12
BLD-HQ-01,MAIN,2026-07-30T10:00:00+00:00,65.2,34.15,11.17,15.64,4.23
BLD-HQ-01,MAIN,2026-07-30T11:00:00+00:00,66.25,31.89,11.6,18.27,4.49
BLD-HQ-01,MAIN,2026-07-30T12:00:00+00:00,65.66,32.85,11.65,18.4,2.75
BLD-HQ-01,MAIN,2026-07-30T13:00:00+00:00,61.95,29.93,10.06,18.31,3.65
BLD-HQ-01,MAIN,2026-07-30T14:00:00+00:00,66.83,34.52,10.47,18.18,3.66
BLD-HQ-01,MAIN,2026-07-30T15:00:00+00:00,65.37,31.43,11.23,18.35,4.37
BLD-HQ-01,MAIN,2026-07-30T16:00:00+00:00,66.54,36.4,10.38,15.95,3.8
BLD-HQ-01,MAIN,2026-07-30T17:00:00+00:00,62.83,29.73,10.52,18.79,3.79
BLD-HQ-01,MAIN,2026-07-30T18:00:00+00:00,63.18,30.57,11.31,17.39,3.91
BLD-HQ-01,MAIN,2026-07-30T19:00:00+00:00,45.95,23.52,7.92,11.26,3.25
BLD-HQ-01,MAIN,2026-07-30T20:00:00+00:00,49.52,23.42,8.05,13.98,4.08
BLD-HQ-01,MAIN,2026-07-30T21:00:00+00:00,46.63,22.9,7.74,11.79,4.2
BLD-HQ-01,MAIN,2026-07-30T22:00:00+00:00,45.92,19.71,8.0,14.06,4.14
BLD-HQ-01,MAIN,2026-07-30T23:00:00+00:00,46.69,23.98,8.01,11.3,3.41
BLD-HQ-01,MAIN,2026-07-31T00:00:00+00:00,46.21,21.25,8.24,12.55,4.16
BLD-HQ-01,MAIN,2026-07-31T01:00:00+00:00,44.9,22.53,7.53,11.51,3.33
BLD-HQ-01,MAIN,2026-07-31T02:00:00+00:00,46.69,22.99,7.59,12.32,3.79
BLD-HQ-01,MAIN,2026-07-31T03:00:00+00:00,46.25,24.58,8.47,9.55,3.65
BLD-HQ-01,MAIN,2026-07-31T04:00:00+00:00,49.32,22.6,8.59,13.35,4.79
BLD-HQ-01,MAIN,2026-07-31T05:00:00+00:00,42.82,20.44,7.42,11.82,3.15
BLD-HQ-01,MAIN,2026-07-31T06:00:00+00:00,44.03,21.6,7.67,10.41,4.35
BLD-HQ-01,MAIN,2026-07-31T07:00:00+00:00,42.15,20.76,7.48,9.32,4.59
BLD-HQ-01,MAIN,2026-07-31T08:00:00+00:00,59.87,29.86,11.11,15.64,3.26
BLD-HQ-01,MAIN,2026-07-31T09:00:00+00:00,71.77,36.47,10.93,20.12,4.25
BLD-HQ-01,MAIN,2026-07-31T10:00:00+00:00,63.96,33.12,10.64,16.21,3.99
BLD-HQ-01,MAIN,2026-07-31T11:00:00+00:00,64.72,30.7,10.75,18.35,4.91
BLD-HQ-01,MAIN,2026-07-31T12:00:00+00:00,65.1,32.58,10.29,19.11,3.11
BLD-HQ-01,MAIN,2026-07-31T13:00:00+00:00,63.8,31.88,10.93,17.64,3.35
BLD-HQ-01,MAIN,2026-07-31T14:00:00+00:00,69.27,35.66,11.26,18.11,4.24
BLD-HQ-01,MAIN,2026-07-31T15:00:00+00:00,66.05,33.11,11.08,17.38,4.48
BLD-HQ-01,MAIN,2026-07-31T16:00:00+00:00,64.89,32.05,9.96,18.03,4.85
BLD-HQ-01,MAIN,2026-07-31T17:00:00+00:00,67.19,33.28,11.37,19.17,3.38
BLD-HQ-01,MAIN,2026-07-31T18:00:00+00:00,68.56,34.9,11.15,17.99,4.52
BLD-HQ-01,MAIN,2026-07-31T19:00:00+00:00,46.44,21.72,8.18,12.69,3.85
BLD-HQ-01,MAIN,2026-07-31T20:00:00+00:00,41.79,20.88,7.48,9.88,3.55
BLD-HQ-01,MAIN,2026-07-31T21:00:00+00:00,42.29,21.61,8.26,8.86,3.56
BLD-HQ-01,MAIN,2026-07-31T22:00:00+00:00,44.75,21.81,7.64,11.72,3.59
BLD-HQ-01,MAIN,2026-07-31T23:00:00+00:00,42.3,20.5,6.61,11.53,3.66
BLD-HQ-01,MAIN,2026-08-01T00:00:00+00:00,36.33,17.6,6.79,8.2,3.73
BLD-HQ-01,MAIN,2026-08-01T01:00:00+00:00,37.14,18.85,6.85,7.76,3.68
BLD-HQ-01,MAIN,2026-08-01T02:00:00+00:00,40.77,20.89,6.56,9.56,3.77
BLD-HQ-01,MAIN,2026-08-01T03:00:00+00:00,37.07,19.07,5.94,8.42,3.64
BLD-HQ-01,MAIN,2026-08-01T04:00:00+00:00,36.44,16.31,7.33,8.23,4.58
BLD-HQ-01,MAIN,2026-08-01T05:00:00+00:00,40.79,18.82,7.01,10.01,4.95
BLD-HQ-01,MAIN,2026-08-01T06:00:00+00:00,41.65,22.1,6.51,9.36,3.68
BLD-HQ-01,MAIN,2026-08-01T07:00:00+00:00,37.95,18.73,7.55,7.81,3.86
BLD-HQ-01,MAIN,2026-08-01T08:00:00+00:00,43.44,22.1,6.86,10.06,4.43
BLD-HQ-01,MAIN,2026-08-01T09:00:00+00:00,44.5,21.77,8.19,10.7,3.84
BLD-HQ-01,MAIN,2026-08-01T10:00:00+00:00,46.68,21.56,8.08,12.56,4.48
BLD-HQ-01,MAIN,2026-08-01T11:00:00+00:00,44.2,23.71,6.38,10.23,3.88
BLD-HQ-01,MAIN,2026-08-01T12:00:00+00:00,43.56,21.65,7.92,9.4,4.59
BLD-HQ-01,MAIN,2026-08-01T13:00:00+00:00,44.3,20.96,6.75,12.92,3.68
BLD-HQ-01,MAIN,2026-08-01T14:00:00+00:00,50.21,26.2,7.56,12.34,4.12
BLD-HQ-01,MAIN,2026-08-01T15:00:00+00:00,45.19,22.55,7.57,10.1,4.97
BLD-HQ-01,MAIN,2026-08-01T16:00:00+00:00,43.8,22.11,8.0,9.72,3.97
BLD-HQ-01,MAIN,2026-08-01T17:00:00+00:00,45.78,22.38,7.08,11.13,5.19
BLD-HQ-01,MAIN,2026-08-01T18:00:00+00:00,46.68,22.68,8.1,12.87,3.02
BLD-HQ-01,MAIN,2026-08-01T19:00:00+00:00,63.55,44.07,6.38,9.52,3.58
BLD-HQ-01,MAIN,2026-08-01T20:00:00+00:00,36.27,17.78,5.63,9.54,3.31
BLD-HQ-01,MAIN,2026-08-01T21:00:00+00:00,40.16,19.44,6.49,9.76,4.48
BLD-HQ-01,MAIN,2026-08-01T22:00:00+00:00,37.52,17.86,7.2,8.71,3.75
BLD-HQ-01,MAIN,2026-08-01T23:00:00+00:00,39.33,19.46,6.76,9.99,3.11
BLD-HQ-01,MAIN,2026-08-02T00:00:00+00:00,39.22,19.23,6.84,9.11,4.04
BLD-HQ-01,MAIN,2026-08-02T01:00:00+00:00,44.61,21.88,7.34,10.67,4.72
BLD-HQ-01,MAIN,2026-08-02T02:00:00+00:00,41.23,20.13,6.72,11.74,2.64
BLD-HQ-01,MAIN,2026-08-02T03:00:00+00:00,40.49,22.54,5.55,8.38,4.02
BLD-HQ-01,MAIN,2026-08-02T04:00:00+00:00,41.5,18.97,6.72,11.0,4.82
BLD-HQ-01,MAIN,2026-08-02T05:00:00+00:00,36.79,17.42,6.21,9.65,3.51
BLD-HQ-01,MAIN,2026-08-02T06:00:00+00:00,38.29,18.42,6.67,8.76,4.43
BLD-HQ-01,MAIN,2026-08-02T07:00:00+00:00,35.86,16.04,6.06,9.97,3.79
BLD-HQ-01,MAIN,2026-08-02T08:00:00+00:00,40.68,19.76,7.83,8.71,4.38
BLD-HQ-01,MAIN,2026-08-02T09:00:00+00:00,47.81,23.65,7.74,12.26,4.16
BLD-HQ-01,MAIN,2026-08-02T10:00:00+00:00,41.09,18.02,8.16,11.04,3.87
BLD-HQ-01,MAIN,2026-08-02T11:00:00+00:00,46.57,24.5,7.86,10.15,4.06
BLD-HQ-01,MAIN,2026-08-02T12:00:00+00:00,42.22,19.87,7.9,10.84,3.61
BLD-HQ-01,MAIN,2026-08-02T13:00:00+00:00,44.89,24.01,6.94,9.35,4.59
BLD-HQ-01,MAIN,2026-08-02T14:00:00+00:00,47.18,24.14,8.34,10.69,4.01
BLD-HQ-01,MAIN,2026-08-02T15:00:00+00:00,46.48,23.04,7.41,11.41,4.62
BLD-HQ-01,MAIN,2026-08-02T16:00:00+00:00,40.78,21.3,6.84,8.75,3.89
BLD-HQ-01,MAIN,2026-08-02T17:00:00+00:00,45.57,22.28,8.02,10.43,4.84
BLD-HQ-01,MAIN,2026-08-02T18:00:00+00:00,43.45,20.28,6.88,10.92,5.36
BLD-HQ-01,MAIN,2026-08-02T19:00:00+00:00,36.56,18.15,5.68,8.79,3.94
BLD-HQ-01,MAIN,2026-08-02T20:00:00+00:00,38.18,17.58,7.05,9.0,4.54
BLD-HQ-01,MAIN,2026-08-02T21:00:00+00:00,34.61,15.92,6.74,7.87,4.08
BLD-HQ-01,MAIN,2026-08-02T22:00:00+00:00,35.3,16.67,5.97,7.97,4.7
BLD-HQ-01,MAIN,2026-08-02T23:00:00+00:00,40.79,22.1,6.31,8.04,4.34
BLD-HQ-01,MAIN,2026-08-03T00:00:00+00:00,44.42,22.45,6.76,11.4,3.81
BLD-HQ-01,MAIN,2026-08-03T01:00:00+00:00,47.45,22.93,8.12,11.73,4.65
BLD-HQ-01,MAIN,2026-08-03T02:00:00+00:00,44.97,23.99,6.69,10.64,3.65
BLD-HQ-01,MAIN,2026-08-03T03:00:00+00:00,42.5,22.11,8.56,7.63,4.2
BLD-HQ-01,MAIN,2026-08-03T04:00:00+00:00,45.6,22.15,7.75,10.94,4.77
BLD-HQ-01,MAIN,2026-08-03T05:00:00+00:00,48.95,24.95,7.31,12.32,4.37
BLD-HQ-01,MAIN,2026-08-03T06:00:00+00:00,41.96,21.99,7.09,9.06,3.82
BLD-HQ-01,MAIN,2026-08-03T07:00:00+00:00,44.92,21.62,7.51,11.83,3.97
BLD-HQ-01,MAIN,2026-08-03T08:00:00+00:00,63.99,30.22,12.19,17.97,3.61
BLD-HQ-01,MAIN,2026-08-03T09:00:00+00:00,65.95,33.63,11.02,17.42,3.88
BLD-HQ-01,MAIN,2026-08-03T10:00:00+00:00,65.41,33.78,9.87,17.23,4.53
BLD-HQ-01,MAIN,2026-08-03T11:00:00+00:00,64.14,31.38,10.57,18.38,3.82
BLD-HQ-01,MAIN,2026-08-03T12:00:00+00:00,69.24,32.3,11.06,21.01,4.87
BLD-HQ-01,MAIN,2026-08-03T13:00:00+00:00,63.57,31.58,9.78,18.19,4.02
BLD-HQ-01,MAIN,2026-08-03T14:00:00+00:00,68.03,35.13,10.74,17.72,4.43
BLD-HQ-01,MAIN,2026-08-03T15:00:00+00:00,66.98,34.66,10.11,18.17,4.03
BLD-HQ-01,MAIN,2026-08-03T16:00:00+00:00,66.9,32.21,12.0,19.05,3.63
BLD-HQ-01,MAIN,2026-08-03T17:00:00+00:00,66.44,30.09,11.69,20.84,3.81
BLD-HQ-01,MAIN,2026-08-03T18:00:00+00:00,64.99,34.61,11.05,15.88,3.46
BLD-HQ-01,MAIN,2026-08-03T19:00:00+00:00,47.76,24.56,6.39,11.26,5.56
BLD-HQ-01,MAIN,2026-08-03T20:00:00+00:00,46.72,20.97,7.74,13.47,4.54
BLD-HQ-01,MAIN,2026-08-03T21:00:00+00:00,46.84,23.27,8.19,10.75,4.64
BLD-HQ-01,MAIN,2026-08-03T22:00:00+00:00,45.76,23.38,7.92,10.85,3.61
BLD-HQ-01,MAIN,2026-08-03T23:00:00+00:00,45.57,23.93,7.48,10.48,3.68
BLD-HQ-01,MAIN,2026-08-04T00:00:00+00:00,47.36,23.34,8.58,11.49,3.96
BLD-HQ-01,MAIN,2026-08-04T01:00:00+00:00,47.96,23.4,7.31,12.77,4.48
BLD-HQ-01,MAIN,2026-08-04T02:00:00+00:00,47.13,23.56,7.99,11.79,3.79
BLD-HQ-01,MAIN,2026-08-04T03:00:00+00:00,48.55,23.98,8.84,11.4,4.32
BLD-HQ-01,MAIN,2026-08-04T04:00:00+00:00,46.85,24.03,7.73,11.5,3.59
BLD-HQ-01,MAIN,2026-08-04T05:00:00+00:00,47.04,23.48,8.57,11.32,3.67
BLD-HQ-01,MAIN,2026-08-04T06:00:00+00:00,47.86,23.55,6.55,12.55,5.21
BLD-HQ-01,MAIN,2026-08-04T07:00:00+00:00,48.74,24.26,7.61,13.22,3.65
BLD-HQ-01,MAIN,2026-08-04T08:00:00+00:00,67.22,34.53,10.8,17.9,3.99
BLD-HQ-01,MAIN,2026-08-04T09:00:00+00:00,68.9,34.95,10.98,19.5,3.47
BLD-HQ-01,MAIN,2026-08-04T10:00:00+00:00,66.44,31.9,12.14,17.97,4.43
BLD-HQ-01,MAIN,2026-08-04T11:00:00+00:00,63.41,31.06,10.41,18.15,3.79
BLD-HQ-01,MAIN,2026-08-04T12:00:00+00:00,64.34,33.54,10.55,16.62,3.62
BLD-HQ-01,MAIN,2026-08-04T13:00:00+00:00,63.54,31.31,11.2,18.55,2.48
BLD-HQ-01,MAIN,2026-08-04T14:00:00+00:00,66.92,33.72,11.3,17.95,3.95
BLD-HQ-01,MAIN,2026-08-04T15:00:00+00:00,63.17,31.32,10.55,18.27,3.03
BLD-HQ-01,MAIN,2026-08-04T16:00:00+00:00,64.73,34.2,10.52,16.5,3.51
BLD-HQ-01,MAIN,2026-08-04T17:00:00+00:00,65.46,32.95,10.93,17.45,4.12
BLD-HQ-01,MAIN,2026-08-04T18:00:00+00:00,67.11,33.05,11.88,17.56,4.61
BLD-HQ-01,MAIN,2026-08-04T19:00:00+00:00,54.54,27.31,8.18,14.34,4.7
BLD-HQ-01,MAIN,2026-08-04T20:00:00+00:00,46.91,22.49,7.47,12.95,3.99
BLD-HQ-01,MAIN,2026-08-04T21:00:00+00:00,46.06,22.0,8.0,12.52,3.55
BLD-HQ-01,MAIN,2026-08-04T22:00:00+00:00,44.83,20.96,7.26,13.09,3.52
BLD-HQ-01,MAIN,2026-08-04T23:00:00+00:00,44.84,21.53,7.83,10.9,4.59
BLD-HQ-01,MAIN,2026-08-05T00:00:00+00:00,46.02,21.59,8.16,11.82,4.45
BLD-HQ-01,MAIN,2026-08-05T01:00:00+00:00,46.4,21.76,8.15,12.77,3.72
BLD-HQ-01,MAIN,2026-08-05T02:00:00+00:00,46.36,22.39,8.66,10.56,4.75
BLD-HQ-01,MAIN,2026-08-05T03:00:00+00:00,45.07,23.21,7.78,11.03,3.05
BLD-HQ-01,MAIN,2026-08-05T04:00:00+00:00,48.94,24.71,7.84,11.95,4.45
BLD-HQ-01,MAIN,2026-08-05T05:00:00+00:00,45.06,22.43,7.27,11.2,4.16
BLD-HQ-01,MAIN,2026-08-05T06:00:00+00:00,47.38,23.7,8.02,11.76,3.9
BLD-HQ-01,MAIN,2026-08-05T07:00:00+00:00,46.38,24.82,7.8,9.93,3.83
BLD-HQ-01,MAIN,2026-08-05T08:00:00+00:00,71.22,36.91,11.32,18.68,4.3
BLD-HQ-01,MAIN,2026-08-05T09:00:00+00:00,64.18,31.05,11.34,17.87,3.91
BLD-HQ-01,MAIN,2026-08-05T10:00:00+00:00,66.28,33.48,10.86,18.81,3.14
BLD-HQ-01,MAIN,2026-08-05T11:00:00+00:00,66.56,33.58,11.06,17.73,4.2
BLD-HQ-01,MAIN,2026-08-05T12:00:00+00:00,85.74,52.9,11.04,17.08,4.72
BLD-HQ-01,MAIN,2026-08-05T13:00:00+00:00,61.57,30.66,9.18,18.62,3.12
BLD-HQ-01,MAIN,2026-08-05T14:00:00+00:00,63.27,31.51,10.3,18.24,3.22
BLD-HQ-01,MAIN,2026-08-05T15:00:00+00:00,64.96,30.16,11.02,19.39,4.39
BLD-HQ-01,MAIN,2026-08-05T16:00:00+00:00,62.31,30.84,10.97,16.18,4.32
BLD-HQ-01,MAIN,2026-08-05T17:00:00+00:00,69.53,33.21,11.02,20.65,4.65
BLD-HQ-01,MAIN,2026-08-05T18:00:00+00:00,67.23,33.16,10.71,19.48,3.87
BLD-HQ-01,MAIN,2026-08-05T19:00:00+00:00,44.74,23.79,7.2,10.27,3.47
BLD-HQ-01,MAIN,2026-08-05T20:00:00+00:00,43.83,21.54,8.21,10.76,3.33
BLD-HQ-01,MAIN,2026-08-05T21:00:00+00:00,43.81,21.45,8.46,10.85,3.05
BLD-HQ-01,MAIN,2026-08-05T22:00:00+00:00,45.25,22.42,7.53,10.99,4.31
BLD-HQ-01,MAIN,2026-08-05T23:00:00+00:00,48.2,23.45,8.25,13.05,3.44
BLD-HQ-01,MAIN,2026-08-06T00:00:00+00:00,44.45,22.76,8.79,8.81,4.1
BLD-HQ-01,MAIN,2026-08-06T01:00:00+00:00,47.3,23.96,7.96,11.07,4.31
BLD-HQ-01,MAIN,2026-08-06T02:00:00+00:00,46.97,22.39,7.37,12.97,4.23
BLD-HQ-01,MAIN,2026-08-06T03:00:00+00:00,44.48,22.93,6.38,11.35,3.81
BLD-HQ-01,MAIN,2026-08-06T04:00:00+00:00,43.23,22.13,9.02,8.17,3.91
BLD-HQ-01,MAIN,2026-08-06T05:00:00+00:00,46.69,23.03,6.85,11.98,4.83
BLD-HQ-01,MAIN,2026-08-06T06:00:00+00:00,43.66,21.9,6.4,11.75,3.61
BLD-HQ-01,MAIN,2026-08-06T07:00:00+00:00,44.73,23.14,7.02,10.54,4.03
BLD-HQ-01,MAIN,2026-08-06T08:00:00+00:00,65.53,30.23,11.28,20.14,3.88
BLD-HQ-01,MAIN,2026-08-06T09:00:00+00:00,62.8,29.57,10.43,18.73,4.08
BLD-HQ-01,MAIN,2026-08-06T10:00:00+00:00,65.43,31.89,10.53,19.22,3.8
BLD-HQ-01,MAIN,2026-08-06T11:00:00+00:00,66.19,35.04,10.46,16.5,4.19
BLD-HQ-01,MAIN,2026-08-06T12:00:00+00:00,62.04,31.35,9.73,17.12,3.84
BLD-HQ-01,MAIN,2026-08-06T13:00:00+00:00,66.97,31.95,10.69,19.67,4.66
BLD-HQ-01,MAIN,2026-08-06T14:00:00+00:00,66.16,32.02,10.41,18.89,4.84
BLD-HQ-01,MAIN,2026-08-06T15:00:00+00:00,62.64,32.31,10.72,15.28,4.32
BLD-HQ-01,MAIN,2026-08-06T16:00:00+00:00,68.01,33.28,11.16,19.58,3.99
BLD-HQ-01,MAIN,2026-08-06T17:00:00+00:00,65.51,31.79,10.68,19.5,3.53
BLD-HQ-01,MAIN,2026-08-06T18:00:00+00:00,63.47,32.54,9.97,17.57,3.39
BLD-HQ-01,MAIN,2026-08-06T19:00:00+00:00,47.27,22.98,8.63,11.95,3.71
BLD-HQ-01,MAIN,2026-08-06T20:00:00+00:00,41.61,21.8,6.91,8.92,3.98
BLD-HQ-01,MAIN,2026-08-06T21:00:00+00:00,45.25,22.51,7.72,10.77,4.25
BLD-HQ-01,MAIN,2026-08-06T22:00:00+00:00,48.98,24.68,8.15,11.47,4.68
BLD-HQ-01,MAIN,2026-08-06T23:00:00+00:00,48.45,24.24,8.38,11.95,3.88
BLD-HQ-01,MAIN,2026-08-07T00:00:00+00:00,46.13,23.49,7.85,10.48,4.3
BLD-HQ-01,MAIN,2026-08-07T01:00:00+00:00,45.39,22.64,7.34,10.69,4.72
BLD-HQ-01,MAIN,2026-08-07T02:00:00+00:00,47.39,24.39,7.9,11.35,3.75
BLD-HQ-01,MAIN,2026-08-07T03:00:00+00:00,44.37,21.94,7.94,10.01,4.48
BLD-HQ-01,MAIN,2026-08-07T04:00:00+00:00,44.0,22.34,7.72,11.78,2.16
BLD-HQ-01,MAIN,2026-08-07T05:00:00+00:00,46.75,22.42,7.18,12.82,4.33
BLD-HQ-01,MAIN,2026-08-07T06:00:00+00:00,43.2,20.93,7.99,10.54,3.75
BLD-HQ-01,MAIN,2026-08-07T07:00:00+00:00,46.21,23.06,6.83,12.28,4.05
BLD-HQ-01,MAIN,2026-08-07T08:00:00+00:00,65.22,33.65,11.3,16.07,4.2
BLD-HQ-01,MAIN,2026-08-07T09:00:00+00:00,65.94,33.07,10.42,17.72,4.74
BLD-HQ-01,MAIN,2026-08-07T10:00:00+00:00,63.95,30.35,10.78,19.72,3.09
BLD-HQ-01,MAIN,2026-08-07T11:00:00+00:00,63.65,32.02,10.54,18.12,2.97
BLD-HQ-01,MAIN,2026-08-07T12:00:00+00:00,64.86,33.42,10.67,15.75,5.02
BLD-HQ-01,MAIN,2026-08-07T13:00:00+00:00,59.73,30.69,10.09,15.54,3.41
BLD-HQ-01,MAIN,2026-08-07T14:00:00+00:00,66.49,34.28,9.72,18.91,3.58
BLD-HQ-01,MAIN,2026-08-07T15:00:00+00:00,66.61,32.86,11.38,18.84,3.54
BLD-HQ-01,MAIN,2026-08-07T16:00:00+00:00,63.14,30.46,10.71,18.0,3.98
BLD-HQ-01,MAIN,2026-08-07T17:00:00+00:00,62.95,30.0,11.14,17.49,4.31
BLD-HQ-01,MAIN,2026-08-07T18:00:00+00:00,61.24,31.68,8.84,17.16,3.56
BLD-HQ-01,MAIN,2026-08-07T19:00:00+00:00,50.01,24.31,8.21,13.66,3.84
BLD-HQ-01,MAIN,2026-08-07T20:00:00+00:00,45.35,22.15,8.08,11.22,3.9
BLD-HQ-01,MAIN,2026-08-07T21:00:00+00:00,48.09,22.6,8.74,12.34,4.4
BLD-HQ-01,MAIN,2026-08-07T22:00:00+00:00,47.81,24.45,6.9,12.03,4.43
BLD-HQ-01,MAIN,2026-08-07T23:00:00+00:00,48.1,24.42,8.14,11.27,4.27
BLD-HQ-01,MAIN,2026-08-08T00:00:00+00:00,40.07,21.83,6.5,8.18,3.56
BLD-HQ-01,MAIN,2026-08-08T01:00:00+00:00,40.33,20.6,6.61,9.74,3.39
BLD-HQ-01,MAIN,2026-08-08T02:00:00+00:00,37.7,18.4,7.23,8.69,3.38
BLD-HQ-01,MAIN,2026-08-08T03:00:00+00:00,39.92,22.77,5.29,7.19,4.66
BLD-HQ-01,MAIN,2026-08-08T04:00:00+00:00,41.68,20.03,6.62,10.9,4.12
BLD-HQ-01,MAIN,2026-08-08T05:00:00+00:00,37.77,19.49,5.64,8.64,4.01
BLD-HQ-01,MAIN,2026-08-08T06:00:00+00:00,43.98,23.54,6.84,9.3,4.31
BLD-HQ-01,MAIN,2026-08-08T07:00:00+00:00,40.07,18.95,6.36,9.82,4.94
BLD-HQ-01,MAIN,2026-08-08T08:00:00+00:00,46.81,23.29,8.34,11.03,4.16
BLD-HQ-01,MAIN,2026-08-08T09:00:00+00:00,46.1,21.4,7.92,11.96,4.82
BLD-HQ-01,MAIN,2026-08-08T10:00:00+00:00,43.74,20.09,6.72,12.58,4.36
BLD-HQ-01,MAIN,2026-08-08T11:00:00+00:00,44.39,22.16,6.65,10.85,4.73
BLD-HQ-01,MAIN,2026-08-08T12:00:00+00:00,47.41,23.24,8.2,12.07,3.9
BLD-HQ-01,MAIN,2026-08-08T13:00:00+00:00,45.94,23.43,6.95,11.41,4.15
BLD-HQ-01,MAIN,2026-08-08T14:00:00+00:00,44.91,23.76,6.89,10.73,3.53
BLD-HQ-01,MAIN,2026-08-08T15:00:00+00:00,48.15,24.01,6.45,13.66,4.03
BLD-HQ-01,MAIN,2026-08-08T16:00:00+00:00,44.97,22.36,7.12,10.93,4.56
BLD-HQ-01,MAIN,2026-08-08T17:00:00+00:00,42.39,19.34,7.91,11.23,3.9
BLD-HQ-01,MAIN,2026-08-08T18:00:00+00:00,41.75,20.19,7.31,11.17,3.08
BLD-HQ-01,MAIN,2026-08-08T19:00:00+00:00,40.22,20.15,5.73,10.75,3.59
BLD-HQ-01,MAIN,2026-08-08T20:00:00+00:00,40.95,21.93,5.37,9.74,3.91
BLD-HQ-01,MAIN,2026-08-08T21:00:00+00:00,39.94,20.55,6.72,8.42,4.25
BLD-HQ-01,MAIN,2026-08-08T22:00:00+00:00,39.66,18.8,6.67,9.77,4.43
BLD-HQ-01,MAIN,2026-08-08T23:00:00+00:00,40.54,19.91,6.2,10.17,4.25
BLD-HQ-01,MAIN,2026-08-09T00:00:00+00:00,38.48,19.38,6.39,9.28,3.43
BLD-HQ-01,MAIN,2026-08-09T01:00:00+00:00,40.37,21.1,6.32,7.85,5.1
BLD-HQ-01,MAIN,2026-08-09T02:00:00+00:00,38.11,19.06,6.31,8.97,3.78
BLD-HQ-01,MAIN,2026-08-09T03:00:00+00:00,41.99,19.89,7.12,9.83,5.16
BLD-HQ-01,MAIN,2026-08-09T04:00:00+00:00,40.12,18.49,6.33,11.45,3.85
BLD-HQ-01,MAIN,2026-08-09T05:00:00+00:00,36.16,17.57,7.11,8.08,3.41
BLD-HQ-01,MAIN,2026-08-09T06:00:00+00:00,37.64,15.19,6.85,11.52,4.07
BLD-HQ-01,MAIN,2026-08-09T07:00:00+00:00,38.84,18.44,6.22,10.58,3.6
BLD-HQ-01,MAIN,2026-08-09T08:00:00+00:00,46.19,20.47,7.94,12.83,4.95
BLD-HQ-01,MAIN,2026-08-09T09:00:00+00:00,48.07,21.46,9.29,13.05,4.26
BLD-HQ-01,MAIN,2026-08-09T10:00:00+00:00,42.36,21.33,7.74,9.42,3.88
BLD-HQ-01,MAIN,2026-08-09T11:00:00+00:00,41.87,20.08,8.28,9.07,4.44
BLD-HQ-01,MAIN,2026-08-09T12:00:00+00:00,43.65,22.45,8.14,9.57,3.49
BLD-HQ-01,MAIN,2026-08-09T13:00:00+00:00,43.78,21.89,8.29,10.6,3.0
BLD-HQ-01,MAIN,2026-08-09T14:00:00+00:00,40.05,20.19,7.21,9.21,3.44
BLD-HQ-01,MAIN,2026-08-09T15:00:00+00:00,47.21,21.41,8.94,12.51,4.34
BLD-HQ-01,MAIN,2026-08-09T16:00:00+00:00,45.56,22.7,7.84,10.75,4.27
BLD-HQ-01,MAIN,2026-08-09T17:00:00+00:00,42.83,21.65,7.36,10.1,3.72
BLD-HQ-01,MAIN,2026-08-09T18:00:00+00:00,71.31,46.37,7.78,12.57,4.59
BLD-HQ-01,MAIN,2026-08-09T19:00:00+00:00,37.85,17.59,7.3,8.67,4.3
BLD-HQ-01,MAIN,2026-08-09T20:00:00+00:00,40.17,18.89,6.22,10.89,4.17
BLD-HQ-01,MAIN,2026-08-09T21:00:00+00:00,39.8,19.21,7.34,8.82,4.42
BLD-HQ-01,MAIN,2026-08-09T22:00:00+00:00,35.23,15.42,5.82,9.23,4.77
BLD-HQ-01,MAIN,2026-08-09T23:00:00+00:00,37.17,17.3,6.79,9.54,3.53
BLD-HQ-01,MAIN,2026-08-10T00:00:00+00:00,48.37,22.94,8.74,12.11,4.58
BLD-HQ-01,MAIN,2026-08-10T01:00:00+00:00,47.58,22.49,6.92,13.12,5.05
BLD-HQ-01,MAIN,2026-08-10T02:00:00+00:00,47.57,22.13,7.75,13.31,4.39
BLD-HQ-01,MAIN,2026-08-10T03:00:00+00:00,44.52,21.73,8.19,10.83,3.77
BLD-HQ-01,MAIN,2026-08-10T04:00:00+00:00,47.51,23.34,7.94,13.11,3.12
BLD-HQ-01,MAIN,2026-08-10T05:00:00+00:00,45.12,21.92,7.44,11.6,4.16
BLD-HQ-01,MAIN,2026-08-10T06:00:00+00:00,46.14,24.8,7.14,10.63,3.58
BLD-HQ-01,MAIN,2026-08-10T07:00:00+00:00,45.31,21.51,7.45,11.41,4.94
BLD-HQ-01,MAIN,2026-08-10T08:00:00+00:00,64.34,30.8,11.13,18.55,3.85
BLD-HQ-01,MAIN,2026-08-10T09:00:00+00:00,69.22,33.81,10.99,19.97,4.45
BLD-HQ-01,MAIN,2026-08-10T10:00:00+00:00,86.53,55.02,10.21,17.33,3.98
BLD-HQ-01,MAIN,2026-08-10T11:00:00+00:00,66.91,33.3,12.16,17.42,4.03
BLD-HQ-01,MAIN,2026-08-10T12:00:00+00:00,66.99,31.74,11.43,19.53,4.29
BLD-HQ-01,MAIN,2026-08-10T13:00:00+00:00,67.71,33.73,11.04,19.07,3.88
BLD-HQ-01,MAIN,2026-08-10T14:00:00+00:00,65.02,31.83,10.97,17.55,4.67
BLD-HQ-01,MAIN,2026-08-10T15:00:00+00:00,66.2,32.47,10.88,18.24,4.62
BLD-HQ-01,MAIN,2026-08-10T16:00:00+00:00,58.43,28.42,10.66,15.83,3.52
BLD-HQ-01,MAIN,2026-08-10T17:00:00+00:00,64.67,33.88,9.31,18.05,3.43
BLD-HQ-01,MAIN,2026-08-10T18:00:00+00:00,67.37,31.38,11.9,19.69,4.39
BLD-HQ-01,MAIN,2026-08-10T19:00:00+00:00,43.4,19.39,7.38,13.28,3.34
BLD-HQ-01,MAIN,2026-08-10T20:00:00+00:00,44.48,22.6,7.64,9.77,4.47
BLD-HQ-01,MAIN,2026-08-10T21:00:00+00:00,46.37,22.51,7.97,11.71,4.17
BLD-HQ-01,MAIN,2026-08-10T22:00:00+00:00,43.27,21.96,7.33,9.95,4.04
BLD-HQ-01,MAIN,2026-08-10T23:00:00+00:00,44.92,21.54,7.46,12.24,3.69
BLD-HQ-01,MAIN,2026-08-11T00:00:00+00:00,45.82,23.02,7.58,11.72,3.5
BLD-HQ-01,MAIN,2026-08-11T01:00:00+00:00,47.3,23.72,8.51,12.02,3.04
BLD-HQ-01,MAIN,2026-08-11T02:00:00+00:00,48.31,24.65,8.31,11.54,3.82
BLD-HQ-01,MAIN,2026-08-11T03:00:00+00:00,44.84,22.0,8.09,11.61,3.14
BLD-HQ-01,MAIN,2026-08-11T04:00:00+00:00,47.81,22.78,8.43,11.93,4.67
BLD-HQ-01,MAIN,2026-08-11T05:00:00+00:00,46.88,24.36,7.45,11.92,3.14
BLD-HQ-01,MAIN,2026-08-11T06:00:00+00:00,43.28,19.92,7.59,12.03,3.74
BLD-HQ-01,MAIN,2026-08-11T07:00:00+00:00,47.0,23.89,7.66,11.54,3.91
BLD-HQ-01,MAIN,2026-08-11T08:00:00+00:00,68.03,33.73,11.7,18.52,4.08
BLD-HQ-01,MAIN,2026-08-11T09:00:00+00:00,62.22,31.94,10.65,16.06,3.57
BLD-HQ-01,MAIN,2026-08-11T10:00:00+00:00,62.44,30.26,9.81,17.95,4.41
BLD-HQ-01,MAIN,2026-08-11T11:00:00+00:00,61.91,31.33,11.64,15.69,3.26
BLD-HQ-01,MAIN,2026-08-11T12:00:00+00:00,62.52,30.67,10.9,16.78,4.17
BLD-HQ-01,MAIN,2026-08-11T13:00:00+00:00,65.37,31.73,12.21,17.49,3.93
BLD-HQ-01,MAIN,2026-08-11T14:00:00+00:00,65.67,33.32,10.43,17.78,4.14
BLD-HQ-01,MAIN,2026-08-11T15:00:00+00:00,64.16,32.15,10.87,15.83,5.32
BLD-HQ-01,MAIN,2026-08-11T16:00:00+00:00,62.23,30.64,11.36,16.06,4.17
BLD-HQ-01,MAIN,2026-08-11T17:00:00+00:00,62.52,31.26,10.11,17.94,3.21
BLD-HQ-01,MAIN,2026-08-11T18:00:00+00:00,66.98,32.94,12.0,18.32,3.72
BLD-HQ-01,MAIN,2026-08-11T19:00:00+00:00,42.91,21.87,8.22,9.33,3.5
BLD-HQ-01,MAIN,2026-08-11T20:00:00+00:00,45.94,23.17,7.13,12.02,3.62
BLD-HQ-01,MAIN,2026-08-11T21:00:00+00:00,44.15,22.14,6.07,11.55,4.39
BLD-HQ-01,MAIN,2026-08-11T22:00:00+00:00,48.24,25.52,8.18,10.6,3.94
BLD-HQ-01,MAIN,2026-08-11T23:00:00+00:00,45.99,21.69,7.6,12.55,4.15
BLD-HQ-01,MAIN,2026-08-12T00:00:00+00:00,48.8,22.19,8.42,13.42,4.76
BLD-HQ-01,MAIN,2026-08-12T01:00:00+00:00,46.83,22.91,8.3,11.62,4.0
BLD-HQ-01,MAIN,2026-08-12T02:00:00+00:00,46.42,22.98,6.95,12.17,4.32
BLD-HQ-01,MAIN,2026-08-12T03:00:00+00:00,44.64,21.38,8.26,11.12,3.87
BLD-HQ-01,MAIN,2026-08-12T04:00:00+00:00,48.72,23.06,8.35,12.27,5.04
BLD-HQ-01,MAIN,2026-08-12T05:00:00+00:00,48.37,22.95,8.76,11.55,5.1
BLD-HQ-01,MAIN,2026-08-12T06:00:00+00:00,44.16,22.09,7.27,11.02,3.78
BLD-HQ-01,MAIN,2026-08-12T07:00:00+00:00,47.8,22.19,7.32,13.58,4.71
BLD-HQ-01,MAIN,2026-08-12T08:00:00+00:00,64.89,32.93,11.38,17.06,3.51
BLD-HQ-01,MAIN,2026-08-12T09:00:00+00:00,65.77,32.81,11.53,17.82,3.61
BLD-HQ-01,MAIN,2026-08-12T10:00:00+00:00,62.37,31.67,10.2,16.02,4.48
BLD-HQ-01,MAIN,2026-08-12T11:00:00+00:00,64.66,31.29,11.55,17.69,4.12
BLD-HQ-01,MAIN,2026-08-12T12:00:00+00:00,65.73,31.35,12.31,17.7,4.37
BLD-HQ-01,MAIN,2026-08-12T13:00:00+00:00,61.4,27.33,11.03,19.56,3.48
BLD-HQ-01,MAIN,2026-08-12T14:00:00+00:00,67.24,33.37,10.41,19.94,3.52
BLD-HQ-01,MAIN,2026-08-12T15:00:00+00:00,62.18,29.55,10.84,17.82,3.98
BLD-HQ-01,MAIN,2026-08-12T16:00:00+00:00,69.45,37.07,11.41,17.51,3.47
BLD-HQ-01,MAIN,2026-08-12T17:00:00+00:00,69.99,33.76,10.67,21.12,4.43
BLD-HQ-01,MAIN,2026-08-12T18:00:00+00:00,64.91,31.52,11.16,17.38,4.86
BLD-HQ-01,MAIN,2026-08-12T19:00:00+00:00,43.82,22.87,7.36,9.96,3.63
BLD-HQ-01,MAIN,2026-08-12T20:00:00+00:00,44.26,21.77,8.23,9.73,4.53
BLD-HQ-01,MAIN,2026-08-12T21:00:00+00:00,45.51,23.37,7.15,11.63,3.37
BLD-HQ-01,MAIN,2026-08-12T22:00:00+00:00,45.84,21.6,8.43,11.12,4.69
BLD-HQ-01,MAIN,2026-08-12T23:00:00+00:00,48.07,25.66,7.82,10.77,3.82
BLD-HQ-01,MAIN,2026-08-13T00:00:00+00:00,45.06,21.95,6.61,11.39,5.11
BLD-HQ-01,MAIN,2026-08-13T01:00:00+00:00,50.12,25.4,7.93,11.87,4.92
BLD-HQ-01,MAIN,2026-08-13T02:00:00+00:00,47.99,22.62,8.37,13.24,3.76
BLD-HQ-01,MAIN,2026-08-13T03:00:00+00:00,43.39,23.09,7.4,9.29,3.61
BLD-HQ-01,MAIN,2026-08-13T04:00:00+00:00,46.28,21.55,9.37,11.79,3.57
BLD-HQ-01,MAIN,2026-08-13T05:00:00+00:00,47.3,23.33,7.86,12.16,3.94
BLD-HQ-01,MAIN,2026-08-13T06:00:00+00:00,41.54,21.66,7.45,9.09,3.34
BLD-HQ-01,MAIN,2026-08-13T07:00:00+00:00,47.58,25.18,8.05,10.34,4.01
BLD-HQ-01,MAIN,2026-08-13T08:00:00+00:00,64.62,31.76,10.85,18.07,3.94
BLD-HQ-01,MAIN,2026-08-13T09:00:00+00:00,68.78,33.12,10.93,20.11,4.61
BLD-HQ-01,MAIN,2026-08-13T10:00:00+00:00,62.83,30.54,10.19,18.18,3.91
BLD-HQ-01,MAIN,2026-08-13T11:00:00+00:00,68.08,31.98,11.16,19.68,5.27
BLD-HQ-01,MAIN,2026-08-13T12:00:00+00:00,65.97,31.44,11.19,18.7,4.64
BLD-HQ-01,MAIN,2026-08-13T13:00:00+00:00,67.11,32.92,10.75,18.52,4.92
BLD-HQ-01,MAIN,2026-08-13T14:00:00+00:00,63.41,31.91,10.47,17.32,3.7
BLD-HQ-01,MAIN,2026-08-13T15:00:00+00:00,65.33,31.72,11.48,18.71,3.42
BLD-HQ-01,MAIN,2026-08-13T16:00:00+00:00,68.15,32.85,11.23,19.95,4.12
BLD-HQ-01,MAIN,2026-08-13T17:00:00+00:00,63.24,30.25,10.04,18.94,4.01
BLD-HQ-01,MAIN,2026-08-13T18:00:00+00:00,62.5,31.72,10.88,16.36,3.54
BLD-HQ-01,MAIN,2026-08-13T19:00:00+00:00,46.22,24.39,8.02,9.75,4.06
BLD-HQ-01,MAIN,2026-08-13T20:00:00+00:00,47.48,25.35,7.97,10.79,3.37
BLD-HQ-01,MAIN,2026-08-13T21:00:00+00:00,47.77,22.8,8.08,12.47,4.41
BLD-HQ-01,MAIN,2026-08-13T22:00:00+00:00,48.43,24.29,7.85,12.31,3.98
BLD-HQ-01,MAIN,2026-08-13T23:00:00+00:00,47.48,23.56,7.86,11.9,4.16
BLD-HQ-01,MAIN,2026-08-14T00:00:00+00:00,47.43,23.84,7.65,13.12,2.82
BLD-HQ-01,MAIN,2026-08-14T01:00:00+00:00,47.82,21.17,9.27,14.04,3.34
BLD-HQ-01,MAIN,2026-08-14T02:00:00+00:00,45.43,22.03,7.93,11.42,4.05
BLD-HQ-01,MAIN,2026-08-14T03:00:00+00:00,45.79,23.57,7.94,10.06,4.22
BLD-HQ-01,MAIN,2026-08-14T04:00:00+00:00,47.59,23.82,7.73,12.5,3.55
BLD-HQ-01,MAIN,2026-08-14T05:00:00+00:00,44.96,22.3,6.65,12.48,3.54
BLD-HQ-01,MAIN,2026-08-14T06:00:00+00:00,46.73,23.14,7.87,11.47,4.26
BLD-HQ-01,MAIN,2026-08-14T07:00:00+00:00,42.57,21.18,7.47,10.03,3.9
BLD-HQ-01,MAIN,2026-08-14T08:00:00+00:00,66.67,32.28,10.49,18.8,5.1
BLD-HQ-01,MAIN,2026-08-14T09:00:00+00:00,64.87,32.21,10.4,18.32,3.93
BLD-HQ-01,MAIN,2026-08-14T10:00:00+00:00,62.34,30.67,10.63,16.68,4.37
BLD-HQ-01,MAIN,2026-08-14T11:00:00+00:00,63.3,32.51,11.41,16.05,3.33
BLD-HQ-01,MAIN,2026-08-14T12:00:00+00:00,66.02,32.69,10.34,19.19,3.81
BLD-HQ-01,MAIN,2026-08-14T13:00:00+00:00,63.83,29.62,11.78,18.78,3.66
BLD-HQ-01,MAIN,2026-08-14T14:00:00+00:00,63.94,31.01,10.64,18.57,3.71
BLD-HQ-01,MAIN,2026-08-14T15:00:00+00:00,63.26,28.1,11.86,19.2,4.11
BLD-HQ-01,MAIN,2026-08-14T16:00:00+00:00,66.13,31.52,10.98,20.3,3.34
BLD-HQ-01,MAIN,2026-08-14T17:00:00+00:00,62.75,30.54,11.25,16.7,4.25
BLD-HQ-01,MAIN,2026-08-14T18:00:00+00:00,65.9,33.9,10.42,17.86,3.72
BLD-HQ-01,MAIN,2026-08-14T19:00:00+00:00,49.13,23.93,7.37,12.94,4.89
BLD-HQ-01,MAIN,2026-08-14T20:00:00+00:00,51.78,26.66,7.48,13.77,3.87
BLD-HQ-01,MAIN,2026-08-14T21:00:00+00:00,46.13,21.99,7.37,12.44,4.33
BLD-HQ-01,MAIN,2026-08-14T22:00:00+00:00,47.03,22.9,8.1,11.79,4.24
BLD-HQ-01,MAIN,2026-08-14T23:00:00+00:00,48.48,24.62,7.38,12.74,3.74
BLD-HQ-01,MAIN,2026-08-15T00:00:00+00:00,35.07,18.73,5.92,6.96,3.47
BLD-HQ-01,MAIN,2026-08-15T01:00:00+00:00,37.64,19.07,6.09,8.74,3.75
BLD-HQ-01,MAIN,2026-08-15T02:00:00+00:00,42.47,20.19,7.35,10.57,4.35
BLD-HQ-01,MAIN,2026-08-15T03:00:00+00:00,41.55,20.25,7.03,10.18,4.09
BLD-HQ-01,MAIN,2026-08-15T04:00:00+00:00,36.92,18.99,5.71,8.23,4.0
BLD-HQ-01,MAIN,2026-08-15T05:00:00+00:00,38.64,20.06,6.08,8.5,4.0
BLD-HQ-01,MAIN,2026-08-15T06:00:00+00:00,39.2,19.59,7.23,8.53,3.84
BLD-HQ-01,MAIN,2026-08-15T07:00:00+00:00,38.43,19.54,5.51,9.14,4.24
BLD-HQ-01,MAIN,2026-08-15T08:00:00+00:00,45.93,21.67,8.79,10.89,4.58
BLD-HQ-01,MAIN,2026-08-15T09:00:00+00:00,44.28,21.15,7.26,11.32,4.54
BLD-HQ-01,MAIN,2026-08-15T10:00:00+00:00,42.92,18.67,7.51,12.48,4.26
BLD-HQ-01,MAIN,2026-08-15T11:00:00+00:00,47.79,24.85,7.79,11.3,3.85
BLD-HQ-01,MAIN,2026-08-15T12:00:00+00:00,44.25,21.98,7.74,11.02,3.51
BLD-HQ-01,MAIN,2026-08-15T13:00:00+00:00,45.12,22.44,8.48,10.28,3.91
BLD-HQ-01,MAIN,2026-08-15T14:00:00+00:00,42.61,19.77,7.88,10.68,4.28
BLD-HQ-01,MAIN,2026-08-15T15:00:00+00:00,43.46,20.81,7.56,10.78,4.31
BLD-HQ-01,MAIN,2026-08-15T16:00:00+00:00,48.29,24.38,6.52,13.32,4.07
BLD-HQ-01,MAIN,2026-08-15T17:00:00+00:00,46.37,23.47,7.16,12.53,3.21
BLD-HQ-01,MAIN,2026-08-15T18:00:00+00:00,46.98,21.62,7.04,14.1,4.21
BLD-HQ-01,MAIN,2026-08-15T19:00:00+00:00,39.56,21.15,7.49,8.16,2.75
BLD-HQ-01,MAIN,2026-08-15T20:00:00+00:00,38.88,18.78,6.87,9.31,3.92
BLD-HQ-01,MAIN,2026-08-15T21:00:00+00:00,43.32,23.17,6.46,10.19,3.51
BLD-HQ-01,MAIN,2026-08-15T22:00:00+00:00,38.53,18.28,6.94,8.71,4.6
BLD-HQ-01,MAIN,2026-08-15T23:00:00+00:00,37.18,17.62,6.2,8.62,4.73
BLD-HQ-01,MAIN,2026-08-16T00:00:00+00:00,40.09,21.74,7.21,7.72,3.42
BLD-HQ-01,MAIN,2026-08-16T01:00:00+00:00,38.03,18.87,6.62,8.19,4.35
BLD-HQ-01,MAIN,2026-08-16T02:00:00+00:00,42.47,21.9,6.06,10.42,4.09
BLD-HQ-01,MAIN,2026-08-16T03:00:00+00:00,38.9,16.79,8.26,10.0,3.85
BLD-HQ-01,MAIN,2026-08-16T04:00:00+00:00,37.71,19.84,5.85,7.74,4.28
BLD-HQ-01,MAIN,2026-08-16T05:00:00+00:00,42.15,21.26,7.03,9.9,3.96
BLD-HQ-01,MAIN,2026-08-16T06:00:00+00:00,43.45,22.93,5.69,10.01,4.83
BLD-HQ-01,MAIN,2026-08-16T07:00:00+00:00,38.41,17.42,5.94,10.43,4.64
BLD-HQ-01,MAIN,2026-08-16T08:00:00+00:00,45.36,22.1,8.22,10.59,4.45
BLD-HQ-01,MAIN,2026-08-16T09:00:00+00:00,46.4,20.61,8.02,12.53,5.24
BLD-HQ-01,MAIN,2026-08-16T10:00:00+00:00,43.88,19.67,8.0,12.05,4.16
BLD-HQ-01,MAIN,2026-08-16T11:00:00+00:00,43.98,22.5,6.16,11.27,4.04
BLD-HQ-01,MAIN,2026-08-16T12:00:00+00:00,46.16,22.97,7.62,11.64,3.94
BLD-HQ-01,MAIN,2026-08-16T13:00:00+00:00,38.37,17.82,6.81,9.63,4.11
BLD-HQ-01,MAIN,2026-08-16T14:00:00+00:00,45.32,24.59,7.15,9.27,4.32
BLD-HQ-01,MAIN,2026-08-16T15:00:00+00:00,46.83,22.79,8.37,11.57,4.11
BLD-HQ-01,MAIN,2026-08-16T16:00:00+00:00,45.94,24.32,6.98,10.87,3.77
BLD-HQ-01,MAIN,2026-08-16T17:00:00+00:00,45.19,22.76,6.97,12.31,3.16
BLD-HQ-01,MAIN,2026-08-16T18:00:00+00:00,44.73,22.98,7.02,10.63,4.1
BLD-HQ-01,MAIN,2026-08-16T19:00:00+00:00,36.01,19.65,5.27,6.98,4.12
BLD-HQ-01,MAIN,2026-08-16T20:00:00+00:00,37.7,18.79,6.45,9.4,3.06
BLD-HQ-01,MAIN,2026-08-16T21:00:00+00:00,35.78,18.5,6.29,7.77,3.23
BLD-HQ-01,MAIN,2026-08-16T22:00:00+00:00,39.43,18.34,7.44,9.21,4.44
BLD-HQ-01,MAIN,2026-08-16T23:00:00+00:00,38.31,20.1,6.61,8.62,2.98
BLD-HQ-01,MAIN,2026-08-17T00:00:00+00:00,48.35,24.22,8.07,12.24,3.81
BLD-HQ-01,MAIN,2026-08-17T01:00:00+00:00,47.78,24.92,7.27,11.7,3.89
BLD-HQ-01,MAIN,2026-08-17T02:00:00+00:00,45.69,24.36,6.97,10.07,4.29
BLD-HQ-01,MAIN,2026-08-17T03:00:00+00:00,49.92,25.69,6.69,13.45,4.09
BLD-HQ-01,MAIN,2026-08-17T04:00:00+00:00,46.39,21.72,8.14,13.22,3.31
BLD-HQ-01,MAIN,2026-08-17T05:00:00+00:00,45.2,24.06,8.06,10.16,2.92
BLD-HQ-01,MAIN,2026-08-17T06:00:00+00:00,46.46,21.8,8.32,12.92,3.42
BLD-HQ-01,MAIN,2026-08-17T07:00:00+00:00,45.56,22.16,7.22,11.86,4.32
BLD-HQ-01,MAIN,2026-08-17T08:00:00+00:00,62.84,33.02,10.57,15.46,3.79
BLD-HQ-01,MAIN,2026-08-17T09:00:00+00:00,64.68,29.61,11.79,19.43,3.85
BLD-HQ-01,MAIN,2026-08-17T10:00:00+00:00,66.04,33.88,11.71,17.02,3.42
BLD-HQ-01,MAIN,2026-08-17T11:00:00+00:00,63.73,30.88,11.69,17.14,4.03
BLD-HQ-01,MAIN,2026-08-17T12:00:00+00:00,64.65,30.7,10.98,18.58,4.38
BLD-HQ-01,MAIN,2026-08-17T13:00:00+00:00,68.78,32.54,11.09,20.56,4.58
BLD-HQ-01,MAIN,2026-08-17T14:00:00+00:00,65.36,31.6,11.05,18.58,4.13
BLD-HQ-01,MAIN,2026-08-17T15:00:00+00:00,67.16,34.65,11.52,16.53,4.47
BLD-HQ-01,MAIN,2026-08-17T16:00:00+00:00,63.58,30.38,11.2,18.62,3.38
BLD-HQ-01,MAIN,2026-08-17T17:00:00+00:00,64.59,33.1,10.69,17.83,2.97
BLD-HQ-01,MAIN,2026-08-17T18:00:00+00:00,65.37,31.18,10.19,19.7,4.3
BLD-HQ-01,MAIN,2026-08-17T19:00:00+00:00,44.88,22.97,7.79,10.29,3.84
BLD-HQ-01,MAIN,2026-08-17T20:00:00+00:00,45.44,22.38,7.82,10.9,4.33
BLD-HQ-01,MAIN,2026-08-17T21:00:00+00:00,45.18,21.73,8.86,10.64,3.95
BLD-HQ-01,MAIN,2026-08-17T22:00:00+00:00,43.71,23.21,7.83,9.58,3.09
BLD-HQ-01,MAIN,2026-08-17T23:00:00+00:00,47.13,24.99,7.58,10.44,4.12
BLD-HQ-01,MAIN,2026-08-18T00:00:00+00:00,46.71,22.97,6.93,12.77,4.04
BLD-HQ-01,MAIN,2026-08-18T01:00:00+00:00,44.25,21.5,7.29,11.41,4.04
BLD-HQ-01,MAIN,2026-08-18T02:00:00+00:00,43.84,23.75,7.36,8.91,3.81
BLD-HQ-01,MAIN,2026-08-18T03:00:00+00:00,47.92,23.16,8.44,12.16,4.15
BLD-HQ-01,MAIN,2026-08-18T04:00:00+00:00,46.37,23.41,7.67,11.42,3.87
BLD-HQ-01,MAIN,2026-08-18T05:00:00+00:00,44.44,21.48,7.18,12.55,3.23
BLD-HQ-01,MAIN,2026-08-18T06:00:00+00:00,46.17,23.7,7.93,10.23,4.31
BLD-HQ-01,MAIN,2026-08-18T07:00:00+00:00,44.58,21.87,7.47,11.66,3.57
BLD-HQ-01,MAIN,2026-08-18T08:00:00+00:00,64.02,31.36,10.54,18.88,3.23
BLD-HQ-01,MAIN,2026-08-18T09:00:00+00:00,62.47,30.81,11.52,17.11,3.02
BLD-HQ-01,MAIN,2026-08-18T10:00:00+00:00,65.14,29.43,11.5,20.02,4.2
BLD-HQ-01,MAIN,2026-08-18T11:00:00+00:00,64.83,31.96,10.84,18.45,3.58
BLD-HQ-01,MAIN,2026-08-18T12:00:00+00:00,61.65,29.97,10.82,16.79,4.06
BLD-HQ-01,MAIN,2026-08-18T13:00:00+00:00,61.83,32.66,10.55,14.23,4.4
BLD-HQ-01,MAIN,2026-08-18T14:00:00+00:00,65.36,30.52,12.34,18.57,3.92
BLD-HQ-01,MAIN,2026-08-18T15:00:00+00:00,61.45,29.81,11.26,17.31,3.07
BLD-HQ-01,MAIN,2026-08-18T16:00:00+00:00,65.49,31.7,11.11,18.4,4.28
BLD-HQ-01,MAIN,2026-08-18T17:00:00+00:00,62.88,29.28,11.38,18.34,3.87
BLD-HQ-01,MAIN,2026-08-18T18:00:00+00:00,64.03,30.26,10.79,19.14,3.85
BLD-HQ-01,MAIN,2026-08-18T19:00:00+00:00,62.9,39.68,7.57,11.14,4.51
BLD-HQ-01,MAIN,2026-08-18T20:00:00+00:00,48.62,24.84,8.0,11.66,4.11
BLD-HQ-01,MAIN,2026-08-18T21:00:00+00:00,46.32,22.31,8.64,10.71,4.66
BLD-HQ-01,MAIN,2026-08-18T22:00:00+00:00,46.83,22.06,8.71,12.38,3.68
BLD-HQ-01,MAIN,2026-08-18T23:00:00+00:00,47.06,22.75,8.25,11.23,4.83
BLD-HQ-01,MAIN,2026-08-19T00:00:00+00:00,46.26,22.4,6.94,12.2,4.71
BLD-HQ-01,MAIN,2026-08-19T01:00:00+00:00,60.77,38.58,6.66,11.48,4.05
BLD-HQ-01,MAIN,2026-08-19T02:00:00+00:00,48.43,24.65,8.7,10.68,4.4
BLD-HQ-01,MAIN,2026-08-19T03:00:00+00:00,43.87,21.23,8.46,10.11,4.07
BLD-HQ-01,MAIN,2026-08-19T04:00:00+00:00,47.37,22.6,8.34,11.87,4.57
BLD-HQ-01,MAIN,2026-08-19T05:00:00+00:00,46.8,23.2,9.36,10.37,3.87
BLD-HQ-01,MAIN,2026-08-19T06:00:00+00:00,43.26,20.35,7.31,11.27,4.33
BLD-HQ-01,MAIN,2026-08-19T07:00:00+00:00,50.69,25.69,7.92,13.03,4.06
BLD-HQ-01,MAIN,2026-08-19T08:00:00+00:00,64.9,32.44,10.59,17.99,3.88
BLD-HQ-01,MAIN,2026-08-19T09:00:00+00:00,66.81,32.26,11.03,19.6,3.93
BLD-HQ-01,MAIN,2026-08-19T10:00:00+00:00,66.56,33.16,11.0,18.26,4.15
BLD-HQ-01,MAIN,2026-08-19T11:00:00+00:00,60.53,29.74,11.15,17.05,2.59
BLD-HQ-01,MAIN,2026-08-19T12:00:00+00:00,65.19,31.71,11.54,18.51,3.44
BLD-HQ-01,MAIN,2026-08-19T13:00:00+00:00,64.58,32.26,10.98,17.8,3.55
BLD-HQ-01,MAIN,2026-08-19T14:00:00+00:00,63.45,31.72,10.93,16.22,4.58
BLD-HQ-01,MAIN,2026-08-19T15:00:00+00:00,65.67,30.45,11.4,20.1,3.71
BLD-HQ-01,MAIN,2026-08-19T16:00:00+00:00,68.52,34.24,11.43,19.11,3.74
BLD-HQ-01,MAIN,2026-08-19T17:00:00+00:00,64.08,33.63,9.75,16.56,4.14
BLD-HQ-01,MAIN,2026-08-19T18:00:00+00:00,63.07,30.4,9.99,17.87,4.8
BLD-HQ-01,MAIN,2026-08-19T19:00:00+00:00,45.14,21.88,6.75,11.78,4.73
BLD-HQ-01,MAIN,2026-08-19T20:00:00+00:00,46.27,22.7,7.4,12.34,3.83
BLD-HQ-01,MAIN,2026-08-19T21:00:00+00:00,44.73,23.73,6.53,10.95,3.52
BLD-HQ-01,MAIN,2026-08-19T22:00:00+00:00,46.11,23.06,7.45,11.09,4.51
BLD-HQ-01,MAIN,2026-08-19T23:00:00+00:00,45.05,20.77,8.62,12.02,3.63
BLD-HQ-01,MAIN,2026-08-20T00:00:00+00:00,51.19,25.2,8.0,13.72,4.27
BLD-HQ-01,MAIN,2026-08-20T01:00:00+00:00,48.34,22.49,7.17,14.59,4.09
BLD-HQ-01,MAIN,2026-08-20T02:00:00+00:00,43.51,22.78,8.58,8.87,3.29
BLD-HQ-01,MAIN,2026-08-20T03:00:00+00:00,47.95,23.01,8.15,12.5,4.3
BLD-HQ-01,MAIN,2026-08-20T04:00:00+00:00,49.62,24.73,8.96,11.79,4.14
BLD-HQ-01,MAIN,2026-08-20T05:00:00+00:00,46.9,22.49,8.42,12.19,3.81
BLD-HQ-01,MAIN,2026-08-20T06:00:00+00:00,45.62,21.98,8.23,11.5,3.91
BLD-HQ-01,MAIN,2026-08-20T07:00:00+00:00,44.4,21.66,8.31,10.49,3.94
BLD-HQ-01,MAIN,2026-08-20T08:00:00+00:00,65.38,31.23,11.25,18.79,4.12
BLD-HQ-01,MAIN,2026-08-20T09:00:00+00:00,65.35,31.94,11.02,18.53,3.86
BLD-HQ-01,MAIN,2026-08-20T10:00:00+00:00,67.11,34.1,11.71,17.35,3.95
BLD-HQ-01,MAIN,2026-08-20T11:00:00+00:00,65.75,31.54,12.2,17.65,4.35
BLD-HQ-01,MAIN,2026-08-20T12:00:00+00:00,64.32,32.41,11.21,16.68,4.02
BLD-HQ-01,MAIN,2026-08-20T13:00:00+00:00,64.23,30.27,11.94,17.42,4.6
BLD-HQ-01,MAIN,2026-08-20T14:00:00+00:00,62.88,30.46,10.73,17.89,3.81
BLD-HQ-01,MAIN,2026-08-20T15:00:00+00:00,63.24,30.9,10.61,17.2,4.53
BLD-HQ-01,MAIN,2026-08-20T16:00:00+00:00,63.37,29.44,11.24,17.89,4.81
BLD-HQ-01,MAIN,2026-08-20T17:00:00+00:00,66.55,33.08,10.92,18.31,4.24
BLD-HQ-01,MAIN,2026-08-20T18:00:00+00:00,65.12,30.49,10.08,19.84,4.71
BLD-HQ-01,MAIN,2026-08-20T19:00:00+00:00,46.71,23.16,7.73,11.19,4.64
BLD-HQ-01,MAIN,2026-08-20T20:00:00+00:00,43.05,22.16,7.58,10.15,3.15
BLD-HQ-01,MAIN,2026-08-20T21:00:00+00:00,45.25,22.15,8.42,10.61,4.07
BLD-HQ-01,MAIN,2026-08-20T22:00:00+00:00,44.85,23.27,8.28,9.76,3.54
BLD-HQ-01,MAIN,2026-08-20T23:00:00+00:00,47.69,23.83,8.14,12.66,3.06
BLD-HQ-01,MAIN,2026-08-21T00:00:00+00:00,44.8,21.55,7.5,11.84,3.91
BLD-HQ-01,MAIN,2026-08-21T01:00:00+00:00,46.42,21.85,7.13,12.3,5.14
BLD-HQ-01,MAIN,2026-08-21T02:00:00+00:00,42.92,22.16,7.37,9.38,4.01
BLD-HQ-01,MAIN,2026-08-21T03:00:00+00:00,44.6,21.86,7.72,10.43,4.6
BLD-HQ-01,MAIN,2026-08-21T04:00:00+00:00,44.34,23.7,6.75,10.49,3.39
BLD-HQ-01,MAIN,2026-08-21T05:00:00+00:00,43.34,21.43,7.74,10.37,3.79
BLD-HQ-01,MAIN,2026-08-21T06:00:00+00:00,47.01,24.89,6.74,10.53,4.84
BLD-HQ-01,MAIN,2026-08-21T07:00:00+00:00,44.1,21.81,7.65,10.22,4.42
BLD-HQ-01,MAIN,2026-08-21T08:00:00+00:00,67.44,36.15,10.85,15.69,4.75
BLD-HQ-01,MAIN,2026-08-21T09:00:00+00:00,64.46,31.15,11.22,18.37,3.71
BLD-HQ-01,MAIN,2026-08-21T10:00:00+00:00,65.4,31.63,9.84,20.14,3.78
BLD-HQ-01,MAIN,2026-08-21T11:00:00+00:00,65.76,34.02,11.55,16.79,3.41
BLD-HQ-01,MAIN,2026-08-21T12:00:00+00:00,63.89,31.36,11.24,17.44,3.85
BLD-HQ-01,MAIN,2026-08-21T13:00:00+00:00,64.8,32.65,11.39,17.43,3.33
BLD-HQ-01,MAIN,2026-08-21T14:00:00+00:00,66.35,32.64,11.24,18.02,4.45
BLD-HQ-01,MAIN,2026-08-21T15:00:00+00:00,63.38,32.24,10.42,17.49,3.22
BLD-HQ-01,MAIN,2026-08-21T16:00:00+00:00,63.06,30.86,10.57,18.16,3.47
BLD-HQ-01,MAIN,2026-08-21T17:00:00+00:00,66.17,30.23,11.62,20.07,4.25
BLD-HQ-01,MAIN,2026-08-21T18:00:00+00:00,67.25,33.25,11.22,18.26,4.52
BLD-HQ-01,MAIN,2026-08-21T19:00:00+00:00,47.27,24.55,8.04,11.35,3.33
BLD-HQ-01,MAIN,2026-08-21T20:00:00+00:00,44.19,22.71,6.83,11.16,3.5
BLD-HQ-01,MAIN,2026-08-21T21:00:00+00:00,43.36,20.87,6.88,11.91,3.71
BLD-HQ-01,MAIN,2026-08-21T22:00:00+00:00,44.54,22.23,7.51,11.62,3.19
BLD-HQ-01,MAIN,2026-08-21T23:00:00+00:00,47.25,23.97,7.28,12.11,3.89
BLD-HQ-01,MAIN,2026-08-22T00:00:00+00:00,40.72,21.59,6.34,8.36,4.44
BLD-HQ-01,MAIN,2026-08-22T01:00:00+00:00,39.69,19.38,6.18,9.79,4.34
BLD-HQ-01,MAIN,2026-08-22T02:00:00+00:00,39.59,18.07,6.57,10.73,4.22
BLD-HQ-01,MAIN,2026-08-22T03:00:00+00:00,40.37,20.86,6.66,8.36,4.48
BLD-HQ-01,MAIN,2026-08-22T04:00:00+00:00,40.39,20.38,6.33,9.44,4.24
BLD-HQ-01,MAIN,2026-08-22T05:00:00+00:00,39.68,19.6,5.9,10.46,3.71
BLD-HQ-01,MAIN,2026-08-22T06:00:00+00:00,41.05,18.88,6.71,10.76,4.71
BLD-HQ-01,MAIN,2026-08-22T07:00:00+00:00,37.53,16.99,5.92,10.4,4.21
BLD-HQ-01,MAIN,2026-08-22T08:00:00+00:00,46.37,21.72,8.3,12.17,4.18
BLD-HQ-01,MAIN,2026-08-22T09:00:00+00:00,42.99,21.35,7.21,10.65,3.78
BLD-HQ-01,MAIN,2026-08-22T10:00:00+00:00,41.93,19.1,8.23,10.52,4.08
BLD-HQ-01,MAIN,2026-08-22T11:00:00+00:00,40.98,19.02,7.49,10.55,3.91
BLD-HQ-01,MAIN,2026-08-22T12:00:00+00:00,43.75,21.12,7.72,10.05,4.87
BLD-HQ-01,MAIN,2026-08-22T13:00:00+00:00,69.71,50.37,7.93,7.83,3.58
BLD-HQ-01,MAIN,2026-08-22T14:00:00+00:00,43.62,20.27,7.77,11.41,4.18
BLD-HQ-01,MAIN,2026-08-22T15:00:00+00:00,43.53,23.27,7.26,9.1,3.9
BLD-HQ-01,MAIN,2026-08-22T16:00:00+00:00,42.6,21.03,7.57,10.56,3.45
BLD-HQ-01,MAIN,2026-08-22T17:00:00+00:00,44.43,21.62,8.31,10.96,3.55
BLD-HQ-01,MAIN,2026-08-22T18:00:00+00:00,43.74,21.66,7.19,10.39,4.5
BLD-HQ-01,MAIN,2026-08-22T19:00:00+00:00,41.88,22.07,6.76,9.18,3.88
BLD-HQ-01,MAIN,2026-08-22T20:00:00+00:00,40.59,20.16,7.06,9.07,4.31
BLD-HQ-01,MAIN,2026-08-22T21:00:00+00:00,35.85,18.0,6.16,6.68,5.01
BLD-HQ-01,MAIN,2026-08-22T22:00:00+00:00,38.05,19.07,6.26,8.61,4.11
BLD-HQ-01,MAIN,2026-08-22T23:00:00+00:00,40.59,21.78,5.67,9.19,3.95
BLD-HQ-01,MAIN,2026-08-23T00:00:00+00:00,56.21,37.18,7.03,8.22,3.78
BLD-HQ-01,MAIN,2026-08-23T01:00:00+00:00,36.57,19.11,6.0,7.15,4.32
BLD-HQ-01,MAIN,2026-08-23T02:00:00+00:00,38.92,18.9,6.97,8.84,4.21
BLD-HQ-01,MAIN,2026-08-23T03:00:00+00:00,39.69,19.28,6.4,9.24,4.77
BLD-HQ-01,MAIN,2026-08-23T04:00:00+00:00,40.93,21.04,6.4,9.51,3.98
BLD-HQ-01,MAIN,2026-08-23T05:00:00+00:00,39.73,20.6,6.33,8.56,4.24
BLD-HQ-01,MAIN,2026-08-23T06:00:00+00:00,39.21,21.62,5.41,8.23,3.95
BLD-HQ-01,MAIN,2026-08-23T07:00:00+00:00,36.84,16.96,7.78,9.08,3.02
BLD-HQ-01,MAIN,2026-08-23T08:00:00+00:00,46.73,22.61,8.45,11.14,4.52
BLD-HQ-01,MAIN,2026-08-23T09:00:00+00:00,45.68,22.48,8.19,11.63,3.38
BLD-HQ-01,MAIN,2026-08-23T10:00:00+00:00,44.73,21.96,8.22,10.42,4.13
BLD-HQ-01,MAIN,2026-08-23T11:00:00+00:00,44.24,21.45,7.04,12.41,3.33
BLD-HQ-01,MAIN,2026-08-23T12:00:00+00:00,46.14,22.3,8.5,10.68,4.66
BLD-HQ-01,MAIN,2026-08-23T13:00:00+00:00,46.77,23.09,7.55,11.44,4.68
BLD-HQ-01,MAIN,2026-08-23T14:00:00+00:00,44.88,22.02,7.94,10.52,4.41
BLD-HQ-01,MAIN,2026-08-23T15:00:00+00:00,43.0,20.54,7.34,10.87,4.25
BLD-HQ-01,MAIN,2026-08-23T16:00:00+00:00,47.02,22.51,6.69,13.22,4.6
BLD-HQ-01,MAIN,2026-08-23T17:00:00+00:00,48.13,23.5,6.64,13.4,4.59
BLD-HQ-01,MAIN,2026-08-23T18:00:00+00:00,41.62,20.82,7.01,9.57,4.22
BLD-HQ-01,MAIN,2026-08-23T19:00:00+00:00,39.6,20.03,6.87,7.84,4.86
BLD-HQ-01,MAIN,2026-08-23T20:00:00+00:00,39.55,20.7,6.24,8.09,4.51
BLD-HQ-01,MAIN,2026-08-23T21:00:00+00:00,38.31,19.44,6.51,7.9,4.46
BLD-HQ-01,MAIN,2026-08-23T22:00:00+00:00,42.26,21.58,6.45,9.86,4.37
BLD-HQ-01,MAIN,2026-08-23T23:00:00+00:00,41.7,22.83,5.87,8.83,4.17
BLD-HQ-01,MAIN,2026-08-24T00:00:00+00:00,45.31,22.25,8.96,9.73,4.37
BLD-HQ-01,MAIN,2026-08-24T01:00:00+00:00,46.65,24.73,7.33,10.48,4.12
BLD-HQ-01,MAIN,2026-08-24T02:00:00+00:00,45.99,23.61,7.81,10.32,4.26
BLD-HQ-01,MAIN,2026-08-24T03:00:00+00:00,44.57,22.6,7.79,10.97,3.22
BLD-HQ-01,MAIN,2026-08-24T04:00:00+00:00,59.89,38.71,7.24,9.57,4.38
BLD-HQ-01,MAIN,2026-08-24T05:00:00+00:00,45.38,21.28,7.55,13.26,3.3
BLD-HQ-01,MAIN,2026-08-24T06:00:00+00:00,45.76,21.86,7.03,12.71,4.16
BLD-HQ-01,MAIN,2026-08-24T07:00:00+00:00,44.44,19.81,8.23,12.55,3.84
BLD-HQ-01,MAIN,2026-08-24T08:00:00+00:00,65.6,31.76,11.04,17.57,5.23
BLD-HQ-01,MAIN,2026-08-24T09:00:00+00:00,63.66,32.85,10.81,15.36,4.63
BLD-HQ-01,MAIN,2026-08-24T10:00:00+00:00,68.6,33.5,11.63,18.26,5.21
BLD-HQ-01,MAIN,2026-08-24T11:00:00+00:00,63.63,29.86,11.3,18.15,4.32
BLD-HQ-01,MAIN,2026-08-24T12:00:00+00:00,65.9,34.05,10.87,17.4,3.59
BLD-HQ-01,MAIN,2026-08-24T13:00:00+00:00,66.33,33.54,10.61,18.43,3.75
BLD-HQ-01,MAIN,2026-08-24T14:00:00+00:00,62.9,29.26,11.6,18.71,3.33
BLD-HQ-01,MAIN,2026-08-24T15:00:00+00:00,67.29,30.71,12.22,20.41,3.95
BLD-HQ-01,MAIN,2026-08-24T16:00:00+00:00,65.8,31.18,10.87,19.8,3.96
BLD-HQ-01,MAIN,2026-08-24T17:00:00+00:00,62.08,31.08,10.86,15.96,4.19
BLD-HQ-01,MAIN,2026-08-24T18:00:00+00:00,63.91,31.79,10.12,17.65,4.35
BLD-HQ-01,MAIN,2026-08-24T19:00:00+00:00,49.23,24.59,8.16,11.73,4.76
BLD-HQ-01,MAIN,2026-08-24T20:00:00+00:00,47.02,20.41,8.26,13.12,5.23
BLD-HQ-01,MAIN,2026-08-24T21:00:00+00:00,45.94,22.82,7.92,11.09,4.11
BLD-HQ-01,MAIN,2026-08-24T22:00:00+00:00,46.22,22.29,7.68,13.04,3.21
BLD-HQ-01,MAIN,2026-08-24T23:00:00+00:00,44.63,23.18,7.98,10.27,3.2
BLD-HQ-01,MAIN,2026-08-25T00:00:00+00:00,47.67,25.38,8.34,11.18,2.78
BLD-HQ-01,MAIN,2026-08-25T01:00:00+00:00,45.52,22.3,6.92,12.69,3.61
BLD-HQ-01,MAIN,2026-08-25T02:00:00+00:00,45.16,22.2,7.61,11.46,3.89
BLD-HQ-01,MAIN,2026-08-25T03:00:00+00:00,46.73,22.87,7.93,12.08,3.85
BLD-HQ-01,MAIN,2026-08-25T04:00:00+00:00,45.63,21.65,7.87,12.18,3.93
BLD-HQ-01,MAIN,2026-08-25T05:00:00+00:00,46.99,24.71,6.86,11.2,4.22
BLD-HQ-01,MAIN,2026-08-25T06:00:00+00:00,47.54,24.06,8.64,10.16,4.67
BLD-HQ-01,MAIN,2026-08-25T07:00:00+00:00,68.49,46.54,8.16,9.96,3.83
BLD-HQ-01,MAIN,2026-08-25T08:00:00+00:00,65.42,32.68,10.96,18.31,3.47
BLD-HQ-01,MAIN,2026-08-25T09:00:00+00:00,66.28,32.96,11.39,18.55,3.39
BLD-HQ-01,MAIN,2026-08-25T10:00:00+00:00,63.01,30.87,10.82,18.0,3.31
BLD-HQ-01,MAIN,2026-08-25T11:00:00+00:00,63.05,32.64,10.44,16.61,3.36
BLD-HQ-01,MAIN,2026-08-25T12:00:00+00:00,67.2,34.04,10.91,18.5,3.75
BLD-HQ-01,MAIN,2026-08-25T13:00:00+00:00,64.97,32.84,10.35,17.48,4.31
BLD-HQ-01,MAIN,2026-08-25T14:00:00+00:00,63.93,29.81,11.11,18.69,4.33
BLD-HQ-01,MAIN,2026-08-25T15:00:00+00:00,67.86,34.28,10.88,19.41,3.28
BLD-HQ-01,MAIN,2026-08-25T16:00:00+00:00,63.56,30.39,11.2,17.45,4.52
BLD-HQ-01,MAIN,2026-08-25T17:00:00+00:00,62.2,29.54,10.22,18.58,3.87
BLD-HQ-01,MAIN,2026-08-25T18:00:00+00:00,66.19,32.22,10.82,19.12,4.03
BLD-HQ-01,MAIN,2026-08-25T19:00:00+00:00,43.87,22.94,9.41,7.88,3.64
BLD-HQ-01,MAIN,2026-08-25T20:00:00+00:00,47.21,22.45,8.7,11.98,4.08
BLD-HQ-01,MAIN,2026-08-25T21:00:00+00:00,47.04,23.1,7.84,12.94,3.16
BLD-HQ-01,MAIN,2026-08-25T22:00:00+00:00,45.02,20.58,7.87,11.73,4.84
BLD-HQ-01,MAIN,2026-08-25T23:00:00+00:00,47.86,22.5,7.96,13.21,4.19
BLD-HQ-01,MAIN,2026-08-26T00:00:00+00:00,45.57,22.82,7.98,11.36,3.41
BLD-HQ-01,MAIN,2026-08-26T01:00:00+00:00,45.13,22.67,8.5,9.65,4.31
BLD-HQ-01,MAIN,2026-08-26T02:00:00+00:00,44.38,23.14,8.34,9.01,3.9
BLD-HQ-01,MAIN,2026-08-26T03:00:00+00:00,47.85,23.9,7.44,12.41,4.1
BLD-HQ-01,MAIN,2026-08-26T04:00:00+00:00,45.57,23.07,7.75,10.19,4.55
BLD-HQ-01,MAIN,2026-08-26T05:00:00+00:00,45.06,22.04,8.3,10.99,3.73
BLD-HQ-01,MAIN,2026-08-26T06:00:00+00:00,43.56,20.37,7.39,12.13,3.67
BLD-HQ-01,MAIN,2026-08-26T07:00:00+00:00,44.38,21.82,8.34,10.57,3.65
BLD-HQ-01,MAIN,2026-08-26T08:00:00+00:00,70.7,35.25,11.63,19.23,4.58
BLD-HQ-01,MAIN,2026-08-26T09:00:00+00:00,64.44,33.83,10.31,16.6,3.69
BLD-HQ-01,MAIN,2026-08-26T10:00:00+00:00,64.66,31.35,10.86,18.32,4.13
BLD-HQ-01,MAIN,2026-08-26T11:00:00+00:00,63.8,32.12,10.91,17.42,3.35
BLD-HQ-01,MAIN,2026-08-26T12:00:00+00:00,65.26,33.03,10.61,17.32,4.3
BLD-HQ-01,MAIN,2026-08-26T13:00:00+00:00,68.18,34.33,11.15,18.48,4.22
BLD-HQ-01,MAIN,2026-08-26T14:00:00+00:00,65.28,32.8,10.36,18.14,3.99
BLD-HQ-01,MAIN,2026-08-26T15:00:00+00:00,66.68,31.39,11.49,19.75,4.04
BLD-HQ-01,MAIN,2026-08-26T16:00:00+00:00,67.06,32.48,10.99,20.28,3.32
BLD-HQ-01,MAIN,2026-08-26T17:00:00+00:00,65.94,32.65,11.6,17.73,3.98
BLD-HQ-01,MAIN,2026-08-26T18:00:00+00:00,63.58,30.2,11.27,18.65,3.45
BLD-HQ-01,MAIN,2026-08-26T19:00:00+00:00,47.23,21.63,7.48,13.67,4.45
BLD-HQ-01,MAIN,2026-08-26T20:00:00+00:00,44.92,22.36,7.62,11.34,3.61
BLD-HQ-01,MAIN,2026-08-26T21:00:00+00:00,44.44,21.84,7.26,11.77,3.58
BLD-HQ-01,MAIN,2026-08-26T22:00:00+00:00,46.41,24.3,7.97,10.16,3.98
BLD-HQ-01,MAIN,2026-08-26T23:00:00+00:00,51.27,24.55,8.7,13.86,4.17
BLD-HQ-01,MAIN,2026-08-27T00:00:00+00:00,46.59,23.23,8.33,10.64,4.4
BLD-HQ-01,MAIN,2026-08-27T01:00:00+00:00,47.61,22.55,8.24,12.37,4.45
BLD-HQ-01,MAIN,2026-08-27T02:00:00+00:00,43.2,21.36,7.89,9.44,4.52
BLD-HQ-01,MAIN,2026-08-27T03:00:00+00:00,43.62,19.54,8.25,11.7,4.13
BLD-HQ-01,MAIN,2026-08-27T04:00:00+00:00,45.01,21.84,7.24,12.29,3.64
BLD-HQ-01,MAIN,2026-08-27T05:00:00+00:00,46.56,23.84,7.96,9.97,4.79
BLD-HQ-01,MAIN,2026-08-27T06:00:00+00:00,49.72,22.05,8.83,13.93,4.92
BLD-HQ-01,MAIN,2026-08-27T07:00:00+00:00,42.41,19.18,6.52,12.91,3.8
BLD-HQ-01,MAIN,2026-08-27T08:00:00+00:00,64.89,33.3,11.14,16.93,3.52
BLD-HQ-01,MAIN,2026-08-27T09:00:00+00:00,66.2,31.03,11.14,19.65,4.38
BLD-HQ-01,MAIN,2026-08-27T10:00:00+00:00,63.63,30.39,10.53,18.83,3.88
BLD-HQ-01,MAIN,2026-08-27T11:00:00+00:00,68.21,31.89,12.03,20.13,4.15
BLD-HQ-01,MAIN,2026-08-27T12:00:00+00:00,68.18,33.27,11.36,19.82,3.73
BLD-HQ-01,MAIN,2026-08-27T13:00:00+00:00,65.56,33.67,11.45,16.59,3.84
BLD-HQ-01,MAIN,2026-08-27T14:00:00+00:00,64.31,32.79,11.15,16.57,3.8
BLD-HQ-01,MAIN,2026-08-27T15:00:00+00:00,89.62,56.36,10.77,18.93,3.56
BLD-HQ-01,MAIN,2026-08-27T16:00:00+00:00,66.98,31.0,11.5,19.97,4.5
BLD-HQ-01,MAIN,2026-08-27T17:00:00+00:00,62.5,29.0,10.58,18.59,4.32
BLD-HQ-01,MAIN,2026-08-27T18:00:00+00:00,64.37,32.26,10.49,17.82,3.8
BLD-HQ-01,MAIN,2026-08-27T19:00:00+00:00,46.57,24.4,7.28,10.48,4.41
BLD-HQ-01,MAIN,2026-08-27T20:00:00+00:00,45.51,21.99,8.63,11.63,3.26
BLD-HQ-01,MAIN,2026-08-27T21:00:00+00:00,44.85,21.29,8.02,10.64,4.9
BLD-HQ-01,MAIN,2026-08-27T22:00:00+00:00,48.49,23.07,8.79,12.21,4.42
BLD-HQ-01,MAIN,2026-08-27T23:00:00+00:00,44.28,23.27,7.6,9.45,3.96
BLD-HQ-01,MAIN,2026-08-28T00:00:00+00:00,45.27,21.85,8.01,11.33,4.08
BLD-HQ-01,MAIN,2026-08-28T01:00:00+00:00,42.37,19.93,7.45,11.13,3.84
BLD-HQ-01,MAIN,2026-08-28T02:00:00+00:00,46.22,21.35,7.83,12.54,4.5
BLD-HQ-01,MAIN,2026-08-28T03:00:00+00:00,45.63,21.66,7.82,12.04,4.1
BLD-HQ-01,MAIN,2026-08-28T04:00:00+00:00,45.72,23.29,8.49,10.28,3.65
BLD-HQ-01,MAIN,2026-08-28T05:00:00+00:00,43.65,21.24,8.01,11.23,3.16
BLD-HQ-01,MAIN,2026-08-28T06:00:00+00:00,48.92,24.02,7.84,12.46,4.6
BLD-HQ-01,MAIN,2026-08-28T07:00:00+00:00,43.96,20.85,7.72,11.17,4.22
BLD-HQ-01,MAIN,2026-08-28T08:00:00+00:00,63.88,30.94,11.33,17.65,3.96
BLD-HQ-01,MAIN,2026-08-28T09:00:00+00:00,67.7,33.48,11.28,19.1,3.84
BLD-HQ-01,MAIN,2026-08-28T10:00:00+00:00,62.85,30.67,10.73,16.52,4.93
BLD-HQ-01,MAIN,2026-08-28T11:00:00+00:00,67.16,32.41,11.94,18.72,4.09
BLD-HQ-01,MAIN,2026-08-28T12:00:00+00:00,65.31,34.04,10.47,16.59,4.2
BLD-HQ-01,MAIN,2026-08-28T13:00:00+00:00,61.39,28.31,10.41,17.86,4.8
BLD-HQ-01,MAIN,2026-08-28T14:00:00+00:00,64.57,32.42,10.02,17.96,4.17
BLD-HQ-01,MAIN,2026-08-28T15:00:00+00:00,64.01,30.71,10.67,18.68,3.95
BLD-HQ-01,MAIN,2026-08-28T16:00:00+00:00,69.07,35.06,10.87,20.12,3.02
BLD-HQ-01,MAIN,2026-08-28T17:00:00+00:00,65.4,31.58,11.07,18.53,4.22
BLD-HQ-01,MAIN,2026-08-28T18:00:00+00:00,61.92,31.68,9.79,16.09,4.36
BLD-HQ-01,MAIN,2026-08-28T19:00:00+00:00,44.86,22.48,7.67,12.07,2.64
BLD-HQ-01,MAIN,2026-08-28T20:00:00+00:00,45.4,21.19,7.85,12.28,4.08
BLD-HQ-01,MAIN,2026-08-28T21:00:00+00:00,43.2,21.62,7.59,10.24,3.76
BLD-HQ-01,MAIN,2026-08-28T22:00:00+00:00,44.06,20.36,7.33,12.25,4.12
BLD-HQ-01,MAIN,2026-08-28T23:00:00+00:00,45.56,21.98,7.25,11.77,4.56
BLD-HQ-01,MAIN,2026-08-29T00:00:00+00:00,38.26,19.22,5.83,9.26,3.96
BLD-HQ-01,MAIN,2026-08-29T01:00:00+00:00,37.33,19.52,6.01,8.5,3.3
BLD-HQ-01,MAIN,2026-08-29T02:00:00+00:00,36.59,16.38,6.73,9.77,3.71
BLD-HQ-01,MAIN,2026-08-29T03:00:00+00:00,36.99,17.23,6.42,9.39,3.95
BLD-HQ-01,MAIN,2026-08-29T04:00:00+00:00,38.15,20.27,5.04,8.26,4.58
BLD-HQ-01,MAIN,2026-08-29T05:00:00+00:00,43.19,22.12,7.07,9.82,4.18
BLD-HQ-01,MAIN,2026-08-29T06:00:00+00:00,43.07,22.47,5.89,9.72,4.99
BLD-HQ-01,MAIN,2026-08-29T07:00:00+00:00,41.22,20.58,6.9,8.29,5.46
BLD-HQ-01,MAIN,2026-08-29T08:00:00+00:00,44.2,21.83,7.12,11.29,3.95
BLD-HQ-01,MAIN,2026-08-29T09:00:00+00:00,45.18,22.55,8.77,10.0,3.87
BLD-HQ-01,MAIN,2026-08-29T10:00:00+00:00,48.97,24.38,8.63,11.66,4.3
BLD-HQ-01,MAIN,2026-08-29T11:00:00+00:00,46.06,22.93,7.53,11.0,4.6
BLD-HQ-01,MAIN,2026-08-29T12:00:00+00:00,45.25,21.34,7.59,12.31,4.01
BLD-HQ-01,MAIN,2026-08-29T13:00:00+00:00,42.86,23.2,7.43,8.7,3.52
BLD-HQ-01,MAIN,2026-08-29T14:00:00+00:00,48.74,25.61,7.7,10.73,4.7
BLD-HQ-01,MAIN,2026-08-29T15:00:00+00:00,43.86,19.11,7.76,12.53,4.46
BLD-HQ-01,MAIN,2026-08-29T16:00:00+00:00,42.07,20.7,6.91,10.02,4.45
BLD-HQ-01,MAIN,2026-08-29T17:00:00+00:00,43.85,19.96,7.59,12.39,3.91
BLD-HQ-01,MAIN,2026-08-29T18:00:00+00:00,42.74,21.24,6.49,10.64,4.38
BLD-HQ-01,MAIN,2026-08-29T19:00:00+00:00,40.32,18.75,6.83,11.0,3.74
BLD-HQ-01,MAIN,2026-08-29T20:00:00+00:00,37.81,19.5,5.56,8.67,4.08
BLD-HQ-01,MAIN,2026-08-29T21:00:00+00:00,38.76,20.26,6.06,9.11,3.32
BLD-HQ-01,MAIN,2026-08-29T22:00:00+00:00,38.96,19.13,6.89,9.03,3.9
BLD-HQ-01,MAIN,2026-08-29T23:00:00+00:00,40.27,19.53,7.06,9.76,3.92
BLD-HQ-01,MAIN,2026-08-30T00:00:00+00:00,38.77,18.96,7.08,9.37,3.36
BLD-HQ-01,MAIN,2026-08-30T01:00:00+00:00,38.58,18.33,6.87,9.19,4.2
BLD-HQ-01,MAIN,2026-08-30T02:00:00+00:00,36.44,15.96,7.18,9.12,4.18
BLD-HQ-01,MAIN,2026-08-30T03:00:00+00:00,39.31,19.65,6.71,8.94,4.0
BLD-HQ-01,MAIN,2026-08-30T04:00:00+00:00,36.36,18.65,6.21,8.03,3.47
BLD-HQ-01,MAIN,2026-08-30T05:00:00+00:00,37.61,18.15,6.42,9.17,3.86
BLD-HQ-01,MAIN,2026-08-30T06:00:00+00:00,41.9,22.55,6.01,8.72,4.62
BLD-HQ-01,MAIN,2026-08-30T07:00:00+00:00,40.95,22.3,5.95,9.34,3.36
BLD-HQ-01,MAIN,2026-08-30T08:00:00+00:00,45.31,23.38,7.52,10.36,4.05
BLD-HQ-01,MAIN,2026-08-30T09:00:00+00:00,44.01,21.35,7.99,10.22,4.46
BLD-HQ-01,MAIN,2026-08-30T10:00:00+00:00,47.42,22.11,7.63,12.94,4.74
BLD-HQ-01,MAIN,2026-08-30T11:00:00+00:00,46.54,22.58,7.86,12.24,3.86
BLD-HQ-01,MAIN,2026-08-30T12:00:00+00:00,47.29,23.14,7.54,12.38,4.23
BLD-HQ-01,MAIN,2026-08-30T13:00:00+00:00,45.42,21.04,7.18,13.27,3.92
BLD-HQ-01,MAIN,2026-08-30T14:00:00+00:00,41.08,20.31,7.26,9.74,3.77
BLD-HQ-01,MAIN,2026-08-30T15:00:00+00:00,41.56,21.52,6.3,10.22,3.52
BLD-HQ-01,MAIN,2026-08-30T16:00:00+00:00,45.6,23.31,8.07,9.43,4.78
BLD-HQ-01,MAIN,2026-08-30T17:00:00+00:00,43.41,22.41,6.59,10.84,3.57
BLD-HQ-01,MAIN,2026-08-30T18:00:00+00:00,42.49,19.11,7.66,11.68,4.03
BLD-HQ-01,MAIN,2026-08-30T19:00:00+00:00,38.32,18.93,6.6,9.15,3.63
BLD-HQ-01,MAIN,2026-08-30T20:00:00+00:00,42.21,22.11,6.86,9.78,3.46
BLD-HQ-01,MAIN,2026-08-30T21:00:00+00:00,37.01,17.42,7.58,8.12,3.89
BLD-HQ-01,MAIN,2026-08-30T22:00:00+00:00,41.4,19.6,6.55,10.87,4.39
BLD-HQ-01,MAIN,2026-08-30T23:00:00+00:00,41.99,19.21,6.44,11.87,4.47
BLD-HQ-01,MAIN,2026-08-31T00:00:00+00:00,44.88,22.46,7.36,11.34,3.72
BLD-HQ-01,MAIN,2026-08-31T01:00:00+00:00,46.83,25.62,8.1,8.51,4.61
BLD-HQ-01,MAIN,2026-08-31T02:00:00+00:00,47.28,22.23,8.08,12.57,4.4
BLD-HQ-01,MAIN,2026-08-31T03:00:00+00:00,44.51,22.49,6.63,11.42,3.96
BLD-HQ-01,MAIN,2026-08-31T04:00:00+00:00,44.98,22.24,8.1,10.75,3.9
BLD-HQ-01,MAIN,2026-08-31T05:00:00+00:00,48.09,24.63,7.87,11.5,4.09
BLD-HQ-01,MAIN,2026-08-31T06:00:00+00:00,51.49,27.28,8.04,11.52,4.66
BLD-HQ-01,MAIN,2026-08-31T07:00:00+00:00,47.98,24.48,7.99,11.52,3.99
BLD-HQ-01,MAIN,2026-08-31T08:00:00+00:00,61.57,31.35,10.72,15.69,3.81
BLD-HQ-01,MAIN,2026-08-31T09:00:00+00:00,65.34,31.37,11.62,18.38,3.98
BLD-HQ-01,MAIN,2026-08-31T10:00:00+00:00,64.04,31.79,11.55,17.43,3.28
BLD-HQ-01,MAIN,2026-08-31T11:00:00+00:00,63.8,31.52,10.68,17.9,3.71
BLD-HQ-01,MAIN,2026-08-31T12:00:00+00:00,66.36,33.58,11.57,16.59,4.63
BLD-HQ-01,MAIN,2026-08-31T13:00:00+00:00,66.1,31.2,12.58,17.48,4.84
BLD-HQ-01,MAIN,2026-08-31T14:00:00+00:00,62.5,30.57,10.59,17.47,3.87
BLD-HQ-01,MAIN,2026-08-31T15:00:00+00:00,66.41,30.77,11.7,19.47,4.47
BLD-HQ-01,MAIN,2026-08-31T16:00:00+00:00,63.43,31.73,11.12,16.84,3.74
BLD-HQ-01,MAIN,2026-08-31T17:00:00+00:00,66.68,30.51,11.69,20.28,4.2
BLD-HQ-01,MAIN,2026-08-31T18:00:00+00:00,65.84,32.62,11.32,18.2,3.69
BLD-HQ-01,MAIN,2026-08-31T19:00:00+00:00,47.24,23.75,7.79,11.21,4.48
BLD-HQ-01,MAIN,2026-08-31T20:00:00+00:00,63.57,41.61,6.81,11.65,3.5
BLD-HQ-01,MAIN,2026-08-31T21:00:00+00:00,45.23,21.61,8.53,11.54,3.55
BLD-HQ-01,MAIN,2026-08-31T22:00:00+00:00,50.62,24.77,7.83,13.35,4.67
BLD-HQ-01,MAIN,2026-08-31T23:00:00+00:00,41.62,19.99,7.83,9.89,3.91
BLD-HQ-01,MAIN,2026-09-01T00:00:00+00:00,43.89,21.46,7.75,11.39,3.29
BLD-HQ-01,MAIN,2026-09-01T01:00:00+00:00,49.36,25.65,8.15,12.49,3.07
BLD-HQ-01,MAIN,2026-09-01T02:00:00+00:00,43.32,22.28,7.84,9.23,3.97
BLD-HQ-01,MAIN,2026-09-01T03:00:00+00:00,45.36,23.05,6.57,11.21,4.53
BLD-HQ-01,MAIN,2026-09-01T04:00:00+00:00,43.43,22.25,8.24,9.55,3.39
BLD-HQ-01,MAIN,2026-09-01T05:00:00+00:00,47.64,22.78,7.63,12.31,4.92
BLD-HQ-01,MAIN,2026-09-01T06:00:00+00:00,42.85,20.81,7.86,11.58,2.59
BLD-HQ-01,MAIN,2026-09-01T07:00:00+00:00,45.14,23.81,7.51,10.25,3.57
BLD-HQ-01,MAIN,2026-09-01T08:00:00+00:00,62.63,30.05,10.12,19.21,3.24
BLD-HQ-01,MAIN,2026-09-01T09:00:00+00:00,67.14,32.53,11.24,19.41,3.96
BLD-HQ-01,MAIN,2026-09-01T10:00:00+00:00,67.0,32.06,10.91,20.76,3.28
BLD-HQ-01,MAIN,2026-09-01T11:00:00+00:00,65.12,32.12,11.17,17.76,4.06
BLD-HQ-01,MAIN,2026-09-01T12:00:00+00:00,62.78,31.28,11.98,15.78,3.74
BLD-HQ-01,MAIN,2026-09-01T13:00:00+00:00,63.28,32.7,10.31,16.63,3.64
BLD-HQ-01,MAIN,2026-09-01T14:00:00+00:00,63.35,30.37,12.68,17.42,2.89
BLD-HQ-01,MAIN,2026-09-01T15:00:00+00:00,66.05,33.91,10.21,17.87,4.07
BLD-HQ-01,MAIN,2026-09-01T16:00:00+00:00,64.68,31.58,10.78,17.9,4.42
BLD-HQ-01,MAIN,2026-09-01T17:00:00+00:00,66.68,32.84,10.72,18.92,4.2
BLD-HQ-01,MAIN,2026-09-01T18:00:00+00:00,64.76,33.78,10.6,16.97,3.41
BLD-HQ-01,MAIN,2026-09-01T19:00:00+00:00,43.44,22.66,7.95,8.6,4.23
BLD-HQ-01,MAIN,2026-09-01T20:00:00+00:00,47.77,24.6,7.35,11.26,4.56
BLD-HQ-01,MAIN,2026-09-01T21:00:00+00:00,46.19,23.4,7.87,10.55,4.37
BLD-HQ-01,MAIN,2026-09-01T22:00:00+00:00,46.66,24.82,6.62,10.99,4.22
BLD-HQ-01,MAIN,2026-09-01T23:00:00+00:00,46.66,24.24,7.88,11.15,3.39
BLD-HQ-01,MAIN,2026-09-02T00:00:00+00:00,49.69,24.85,7.32,12.62,4.91
BLD-HQ-01,MAIN,2026-09-02T01:00:00+00:00,44.3,22.21,8.11,10.08,3.9
BLD-HQ-01,MAIN,2026-09-02T02:00:00+00:00,43.68,21.71,7.04,10.95,3.99
BLD-HQ-01,MAIN,2026-09-02T03:00:00+00:00,68.29,43.09,8.83,11.99,4.38
BLD-HQ-01,MAIN,2026-09-02T04:00:00+00:00,46.37,23.09,7.64,11.52,4.12
BLD-HQ-01,MAIN,2026-09-02T05:00:00+00:00,44.54,22.36,6.83,11.24,4.12
BLD-HQ-01,MAIN,2026-09-02T06:00:00+00:00,49.21,25.54,7.48,12.28,3.91
BLD-HQ-01,MAIN,2026-09-02T07:00:00+00:00,47.99,25.05,7.22,12.31,3.41
BLD-HQ-01,MAIN,2026-09-02T08:00:00+00:00,65.4,32.14,11.45,17.27,4.54
BLD-HQ-01,MAIN,2026-09-02T09:00:00+00:00,67.49,33.02,11.0,19.02,4.46
BLD-HQ-01,MAIN,2026-09-02T10:00:00+00:00,64.0,29.58,12.46,17.85,4.11
BLD-HQ-01,MAIN,2026-09-02T11:00:00+00:00,63.89,29.78,10.69,19.32,4.09
BLD-HQ-01,MAIN,2026-09-02T12:00:00+00:00,61.78,32.58,9.95,16.0,3.25
BLD-HQ-01,MAIN,2026-09-02T13:00:00+00:00,63.59,29.54,10.84,19.45,3.75
BLD-HQ-01,MAIN,2026-09-02T14:00:00+00:00,63.29,31.55,9.86,17.72,4.16
BLD-HQ-01,MAIN,2026-09-02T15:00:00+00:00,67.94,34.07,12.29,18.63,2.96
BLD-HQ-01,MAIN,2026-09-02T16:00:00+00:00,63.9,32.95,10.65,16.51,3.8
BLD-HQ-01,MAIN,2026-09-02T17:00:00+00:00,64.02,32.05,10.46,17.78,3.72
BLD-HQ-01,MAIN,2026-09-02T18:00:00+00:00,60.63,28.82,11.75,16.24,3.81
BLD-HQ-01,MAIN,2026-09-02T19:00:00+00:00,48.56,22.97,8.2,13.29,4.1
BLD-HQ-01,MAIN,2026-09-02T20:00:00+00:00,46.03,23.66,7.74,10.41,4.23
BLD-HQ-01,MAIN,2026-09-02T21:00:00+00:00,45.42,23.86,7.32,10.98,3.26
BLD-HQ-01,MAIN,2026-09-02T22:00:00+00:00,47.11,22.72,8.37,13.08,2.94
BLD-HQ-01,MAIN,2026-09-02T23:00:00+00:00,42.25,22.12,7.43,10.32,2.38
BLD-HQ-01,MAIN,2026-09-03T00:00:00+00:00,44.08,22.37,7.13,10.21,4.36
BLD-HQ-01,MAIN,2026-09-03T01:00:00+00:00,46.51,24.36,7.84,10.51,3.8
BLD-HQ-01,MAIN,2026-09-03T02:00:00+00:00,45.22,22.18,7.93,11.13,3.98
BLD-HQ-01,MAIN,2026-09-03T03:00:00+00:00,44.15,20.06,7.65,11.89,4.55
BLD-HQ-01,MAIN,2026-09-03T04:00:00+00:00,46.6,22.78,6.19,13.01,4.63
BLD-HQ-01,MAIN,2026-09-03T05:00:00+00:00,48.96,22.42,8.71,13.37,4.47
BLD-HQ-01,MAIN,2026-09-03T06:00:00+00:00,52.02,26.17,7.53,13.91,4.4
BLD-HQ-01,MAIN,2026-09-03T07:00:00+00:00,50.78,24.22,8.56,13.89,4.11
BLD-HQ-01,MAIN,2026-09-03T08:00:00+00:00,68.95,35.09,11.82,17.91,4.12
BLD-HQ-01,MAIN,2026-09-03T09:00:00+00:00,66.73,30.89,11.48,19.9,4.46
BLD-HQ-01,MAIN,2026-09-03T10:00:00+00:00,65.91,31.77,11.62,18.68,3.85
BLD-HQ-01,MAIN,2026-09-03T11:00:00+00:00,64.6,31.61,10.7,18.07,4.22
BLD-HQ-01,MAIN,2026-09-03T12:00:00+00:00,65.8,31.82,11.59,18.47,3.92
BLD-HQ-01,MAIN,2026-09-03T13:00:00+00:00,65.37,32.07,11.73,17.32,4.26
BLD-HQ-01,MAIN,2026-09-03T14:00:00+00:00,65.78,31.93,11.87,18.51,3.46
BLD-HQ-01,MAIN,2026-09-03T15:00:00+00:00,64.26,31.85,11.13,17.45,3.83
BLD-HQ-01,MAIN,2026-09-03T16:00:00+00:00,62.84,33.5,11.53,13.85,3.96
BLD-HQ-01,MAIN,2026-09-03T17:00:00+00:00,61.39,29.64,11.22,16.66,3.86
BLD-HQ-01,MAIN,2026-09-03T18:00:00+00:00,64.21,31.72,10.86,18.34,3.29
BLD-HQ-01,MAIN,2026-09-03T19:00:00+00:00,47.01,22.06,7.6,13.47,3.88
BLD-HQ-01,MAIN,2026-09-03T20:00:00+00:00,44.36,22.12,8.06,10.75,3.44
BLD-HQ-01,MAIN,2026-09-03T21:00:00+00:00,44.7,21.66,8.1,11.04,3.9
BLD-HQ-01,MAIN,2026-09-03T22:00:00+00:00,47.1,21.84,7.91,12.89,4.45
BLD-HQ-01,MAIN,2026-09-03T23:00:00+00:00,44.25,22.59,7.52,10.52,3.62
BLD-HQ-01,MAIN,2026-09-04T00:00:00+00:00,43.58,20.18,8.22,10.95,4.23
BLD-HQ-01,MAIN,2026-09-04T01:00:00+00:00,46.61,22.88,7.55,11.44,4.74
BLD-HQ-01,MAIN,2026-09-04T02:00:00+00:00,48.34,25.09,8.06,11.85,3.34
BLD-HQ-01,MAIN,2026-09-04T03:00:00+00:00,48.28,23.93,8.12,13.2,3.03
BLD-HQ-01,MAIN,2026-09-04T04:00:00+00:00,44.54,21.44,7.21,12.37,3.52
BLD-HQ-01,MAIN,2026-09-04T05:00:00+00:00,46.67,24.2,8.4,10.49,3.58
BLD-HQ-01,MAIN,2026-09-04T06:00:00+00:00,48.16,23.62,7.95,12.5,4.08
BLD-HQ-01,MAIN,2026-09-04T07:00:00+00:00,46.15,22.86,8.06,11.1,4.13
BLD-HQ-01,MAIN,2026-09-04T08:00:00+00:00,87.21,54.7,10.39,18.26,3.87
BLD-HQ-01,MAIN,2026-09-04T09:00:00+00:00,63.31,32.5,10.27,16.97,3.56
BLD-HQ-01,MAIN,2026-09-04T10:00:00+00:00,62.95,30.75,11.2,17.35,3.65
BLD-HQ-01,MAIN,2026-09-04T11:00:00+00:00,65.48,34.33,10.03,17.93,3.19
BLD-HQ-01,MAIN,2026-09-04T12:00:00+00:00,63.26,31.95,10.68,16.77,3.86
BLD-HQ-01,MAIN,2026-09-04T13:00:00+00:00,66.12,32.59,11.06,17.83,4.63
BLD-HQ-01,MAIN,2026-09-04T14:00:00+00:00,63.22,32.05,10.35,17.07,3.75
BLD-HQ-01,MAIN,2026-09-04T15:00:00+00:00,66.02,32.6,10.56,20.08,2.78
BLD-HQ-01,MAIN,2026-09-04T16:00:00+00:00,65.35,32.37,10.36,18.82,3.8
BLD-HQ-01,MAIN,2026-09-04T17:00:00+00:00,63.33,32.1,11.64,15.99,3.6
BLD-HQ-01,MAIN,2026-09-04T18:00:00+00:00,67.53,33.03,10.79,19.1,4.61
BLD-HQ-01,MAIN,2026-09-04T19:00:00+00:00,48.01,23.93,6.9,13.28,3.9
BLD-HQ-01,MAIN,2026-09-04T20:00:00+00:00,46.72,24.17,7.94,10.7,3.92
BLD-HQ-01,MAIN,2026-09-04T21:00:00+00:00,47.71,24.86,7.05,11.48,4.32
BLD-HQ-01,MAIN,2026-09-04T22:00:00+00:00,45.46,21.78,7.92,11.85,3.91
BLD-HQ-01,MAIN,2026-09-04T23:00:00+00:00,48.05,24.54,8.2,10.9,4.41
BLD-HQ-01,MAIN,2026-09-05T00:00:00+00:00,41.05,22.22,6.82,7.89,4.12
BLD-HQ-01,MAIN,2026-09-05T01:00:00+00:00,39.31,18.94,6.2,9.59,4.59
BLD-HQ-01,MAIN,2026-09-05T02:00:00+00:00,35.49,15.96,6.7,8.56,4.27
BLD-HQ-01,MAIN,2026-09-05T03:00:00+00:00,39.18,19.83,5.88,8.97,4.5
BLD-HQ-01,MAIN,2026-09-05T04:00:00+00:00,40.74,20.41,7.01,8.93,4.39
BLD-HQ-01,MAIN,2026-09-05T05:00:00+00:00,37.11,19.74,5.85,6.95,4.56
BLD-HQ-01,MAIN,2026-09-05T06:00:00+00:00,39.25,17.7,6.78,10.38,4.38
BLD-HQ-01,MAIN,2026-09-05T07:00:00+00:00,36.98,18.74,6.37,8.25,3.63
BLD-HQ-01,MAIN,2026-09-05T08:00:00+00:00,45.2,22.0,7.03,12.13,4.04
BLD-HQ-01,MAIN,2026-09-05T09:00:00+00:00,45.62,21.51,7.64,13.04,3.43
BLD-HQ-01,MAIN,2026-09-05T10:00:00+00:00,45.93,23.03,6.53,11.92,4.46
BLD-HQ-01,MAIN,2026-09-05T11:00:00+00:00,44.59,20.04,7.56,12.86,4.13
BLD-HQ-01,MAIN,2026-09-05T12:00:00+00:00,57.97,36.63,7.84,9.0,4.5
BLD-HQ-01,MAIN,2026-09-05T13:00:00+00:00,58.96,36.97,6.91,10.86,4.22
BLD-HQ-01,MAIN,2026-09-05T14:00:00+00:00,43.33,22.45,7.05,10.39,3.43
BLD-HQ-01,MAIN,2026-09-05T15:00:00+00:00,42.76,23.41,7.41,7.97,3.97
BLD-HQ-01,MAIN,2026-09-05T16:00:00+00:00,46.62,21.92,8.8,12.73,3.16
BLD-HQ-01,MAIN,2026-09-05T17:00:00+00:00,44.13,21.89,7.71,10.1,4.44
BLD-HQ-01,MAIN,2026-09-05T18:00:00+00:00,42.6,21.34,7.99,9.58,3.69
BLD-HQ-01,MAIN,2026-09-05T19:00:00+00:00,39.6,21.43,5.77,8.84,3.56
BLD-HQ-01,MAIN,2026-09-05T20:00:00+00:00,40.84,19.02,6.8,10.82,4.2
BLD-HQ-01,MAIN,2026-09-05T21:00:00+00:00,38.47,20.46,5.03,9.5,3.48
BLD-HQ-01,MAIN,2026-09-05T22:00:00+00:00,36.95,18.64,5.89,7.64,4.78
BLD-HQ-01,MAIN,2026-09-05T23:00:00+00:00,37.78,17.36,6.8,9.02,4.6
BLD-HQ-01,MAIN,2026-09-06T00:00:00+00:00,36.62,19.8,6.5,5.51,4.8
BLD-HQ-01,MAIN,2026-09-06T01:00:00+00:00,39.79,21.04,6.16,9.32,3.28
BLD-HQ-01,MAIN,2026-09-06T02:00:00+00:00,39.72,20.31,6.41,9.5,3.5
BLD-HQ-01,MAIN,2026-09-06T03:00:00+00:00,36.6,18.94,6.06,7.47,4.13
BLD-HQ-01,MAIN,2026-09-06T04:00:00+00:00,37.41,19.18,5.72,8.03,4.48
BLD-HQ-01,MAIN,2026-09-06T05:00:00+00:00,37.41,20.35,6.56,7.42,3.08
BLD-HQ-01,MAIN,2026-09-06T06:00:00+00:00,41.79,21.11,7.11,9.55,4.03
BLD-HQ-01,MAIN,2026-09-06T07:00:00+00:00,39.31,19.94,6.9,7.96,4.51
BLD-HQ-01,MAIN,2026-09-06T08:00:00+00:00,42.54,21.15,8.09,9.11,4.2
BLD-HQ-01,MAIN,2026-09-06T09:00:00+00:00,41.15,20.36,7.74,8.87,4.17
BLD-HQ-01,MAIN,2026-09-06T10:00:00+00:00,43.12,21.39,7.39,9.6,4.74
BLD-HQ-01,MAIN,2026-09-06T11:00:00+00:00,47.74,24.26,6.82,12.1,4.55
BLD-HQ-01,MAIN,2026-09-06T12:00:00+00:00,43.04,20.28,8.05,10.91,3.8
BLD-HQ-01,MAIN,2026-09-06T13:00:00+00:00,45.4,24.98,7.32,9.67,3.43
BLD-HQ-01,MAIN,2026-09-06T14:00:00+00:00,47.87,23.18,8.58,12.59,3.51
BLD-HQ-01,MAIN,2026-09-06T15:00:00+00:00,46.86,23.91,5.64,12.7,4.6
BLD-HQ-01,MAIN,2026-09-06T16:00:00+00:00,45.71,22.04,7.43,12.07,4.17
BLD-HQ-01,MAIN,2026-09-06T17:00:00+00:00,46.46,22.98,7.1,12.23,4.15
BLD-HQ-01,MAIN,2026-09-06T18:00:00+00:00,39.99,21.66,7.61,6.95,3.78
BLD-HQ-01,MAIN,2026-09-06T19:00:00+00:00,40.07,19.29,6.61,10.5,3.67
BLD-HQ-01,MAIN,2026-09-06T20:00:00+00:00,41.01,20.98,6.85,10.04,3.14
BLD-HQ-01,MAIN,2026-09-06T21:00:00+00:00,39.01,18.86,6.38,9.96,3.81
BLD-HQ-01,MAIN,2026-09-06T22:00:00+00:00,37.8,16.6,7.59,9.63,3.98
BLD-HQ-01,MAIN,2026-09-06T23:00:00+00:00,38.03,17.72,7.64,9.03,3.64
BLD-HQ-01,MAIN,2026-09-07T00:00:00+00:00,47.89,23.58,7.4,12.08,4.84
BLD-HQ-01,MAIN,2026-09-07T01:00:00+00:00,47.65,23.31,7.99,12.1,4.25
BLD-HQ-01,MAIN,2026-09-07T02:00:00+00:00,48.31,24.56,7.67,12.27,3.81
BLD-HQ-01,MAIN,2026-09-07T03:00:00+00:00,47.27,22.19,7.36,13.78,3.95
BLD-HQ-01,MAIN,2026-09-07T04:00:00+00:00,49.79,24.19,6.09,14.76,4.75
BLD-HQ-01,MAIN,2026-09-07T05:00:00+00:00,44.33,21.48,8.14,11.59,3.12
BLD-HQ-01,MAIN,2026-09-07T06:00:00+00:00,46.78,23.15,7.83,11.24,4.57
BLD-HQ-01,MAIN,2026-09-07T07:00:00+00:00,46.89,22.22,8.67,11.42,4.58
BLD-HQ-01,MAIN,2026-09-07T08:00:00+00:00,66.62,32.32,10.94,19.48,3.87
BLD-HQ-01,MAIN,2026-09-07T09:00:00+00:00,65.3,32.8,11.46,18.0,3.03
BLD-HQ-01,MAIN,2026-09-07T10:00:00+00:00,62.72,31.31,10.36,17.34,3.71
BLD-HQ-01,MAIN,2026-09-07T11:00:00+00:00,68.33,34.16,10.97,19.12,4.08
BLD-HQ-01,MAIN,2026-09-07T12:00:00+00:00,69.38,33.64,11.74,20.24,3.75
BLD-HQ-01,MAIN,2026-09-07T13:00:00+00:00,90.22,56.35,11.29,18.96,3.62
BLD-HQ-01,MAIN,2026-09-07T14:00:00+00:00,66.32,33.07,11.35,18.0,3.91
BLD-HQ-01,MAIN,2026-09-07T15:00:00+00:00,67.45,32.64,10.41,20.56,3.83
BLD-HQ-01,MAIN,2026-09-07T16:00:00+00:00,62.6,31.21,10.66,17.08,3.63
BLD-HQ-01,MAIN,2026-09-07T17:00:00+00:00,66.34,30.82,12.17,18.88,4.46
BLD-HQ-01,MAIN,2026-09-07T18:00:00+00:00,65.24,32.08,10.88,18.26,4.02
BLD-HQ-01,MAIN,2026-09-07T19:00:00+00:00,41.56,20.24,7.01,10.54,3.77
BLD-HQ-01,MAIN,2026-09-07T20:00:00+00:00,44.69,21.72,7.12,11.6,4.25
BLD-HQ-01,MAIN,2026-09-07T21:00:00+00:00,42.29,21.82,6.44,10.31,3.73
BLD-HQ-01,MAIN,2026-09-07T22:00:00+00:00,42.77,20.97,7.56,10.41,3.83
BLD-HQ-01,MAIN,2026-09-07T23:00:00+00:00,43.47,21.63,6.96,11.32,3.57
BLD-HQ-01,MAIN,2026-09-08T00:00:00+00:00,48.43,24.09,7.53,12.24,4.56
BLD-HQ-01,MAIN,2026-09-08T01:00:00+00:00,46.37,22.8,7.27,11.96,4.35
BLD-HQ-01,MAIN,2026-09-08T02:00:00+00:00,47.96,24.11,7.78,11.91,4.16
BLD-HQ-01,MAIN,2026-09-08T03:00:00+00:00,45.57,23.1,8.16,10.54,3.77
BLD-HQ-01,MAIN,2026-09-08T04:00:00+00:00,46.13,23.49,8.0,9.93,4.71
BLD-HQ-01,MAIN,2026-09-08T05:00:00+00:00,50.37,23.24,7.32,15.55,4.26
BLD-HQ-01,MAIN,2026-09-08T06:00:00+00:00,45.96,21.86,7.68,11.68,4.73
BLD-HQ-01,MAIN,2026-09-08T07:00:00+00:00,46.39,23.07,7.48,11.17,4.67
BLD-HQ-01,MAIN,2026-09-08T08:00:00+00:00,66.44,32.69,11.75,18.66,3.33
BLD-HQ-01,MAIN,2026-09-08T09:00:00+00:00,67.33,33.1,11.85,18.06,4.31
BLD-HQ-01,MAIN,2026-09-08T10:00:00+00:00,65.55,31.64,10.51,18.91,4.49
BLD-HQ-01,MAIN,2026-09-08T11:00:00+00:00,63.82,30.71,11.06,17.73,4.32
BLD-HQ-01,MAIN,2026-09-08T12:00:00+00:00,65.4,34.95,10.56,16.47,3.42
BLD-HQ-01,MAIN,2026-09-08T13:00:00+00:00,63.03,32.36,10.85,16.67,3.16
BLD-HQ-01,MAIN,2026-09-08T14:00:00+00:00,68.75,36.66,10.86,17.88,3.36
BLD-HQ-01,MAIN,2026-09-08T15:00:00+00:00,61.68,29.86,10.15,17.76,3.92
BLD-HQ-01,MAIN,2026-09-08T16:00:00+00:00,62.29,30.9,11.47,16.46,3.46
BLD-HQ-01,MAIN,2026-09-08T17:00:00+00:00,62.61,29.93,11.25,18.63,2.81
BLD-HQ-01,MAIN,2026-09-08T18:00:00+00:00,63.66,31.58,11.02,17.13,3.92
BLD-HQ-01,MAIN,2026-09-08T19:00:00+00:00,45.28,21.94,7.1,11.96,4.29
BLD-HQ-01,MAIN,2026-09-08T20:00:00+00:00,47.58,23.18,7.53,13.15,3.72
BLD-HQ-01,MAIN,2026-09-08T21:00:00+00:00,44.58,21.94,6.53,11.98,4.12
BLD-HQ-01,MAIN,2026-09-08T22:00:00+00:00,46.56,22.13,7.77,12.71,3.96
BLD-HQ-01,MAIN,2026-09-08T23:00:00+00:00,46.34,23.18,8.12,11.22,3.83
BLD-HQ-01,MAIN,2026-09-09T00:00:00+00:00,46.04,22.87,6.98,12.22,3.98
BLD-HQ-01,MAIN,2026-09-09T01:00:00+00:00,43.31,22.5,7.96,8.88,3.97
BLD-HQ-01,MAIN,2026-09-09T02:00:00+00:00,47.74,24.52,7.47,13.09,2.66
BLD-HQ-01,MAIN,2026-09-09T03:00:00+00:00,45.25,22.87,7.32,10.85,4.21
BLD-HQ-01,MAIN,2026-09-09T04:00:00+00:00,44.68,23.69,7.53,10.07,3.4
BLD-HQ-01,MAIN,2026-09-09T05:00:00+00:00,42.07,22.03,7.24,9.32,3.48
BLD-HQ-01,MAIN,2026-09-09T06:00:00+00:00,48.29,24.89,8.94,9.93,4.53
BLD-HQ-01,MAIN,2026-09-09T07:00:00+00:00,45.85,23.78,8.01,10.81,3.25
BLD-HQ-01,MAIN,2026-09-09T08:00:00+00:00,67.95,35.11,11.26,17.94,3.64
BLD-HQ-01,MAIN,2026-09-09T09:00:00+00:00,63.31,30.26,10.9,17.44,4.71
BLD-HQ-01,MAIN,2026-09-09T10:00:00+00:00,65.46,32.08,11.42,17.5,4.46
BLD-HQ-01,MAIN,2026-09-09T11:00:00+00:00,64.53,32.02,11.2,17.55,3.76
BLD-HQ-01,MAIN,2026-09-09T12:00:00+00:00,66.07,31.93,10.65,19.7,3.79
BLD-HQ-01,MAIN,2026-09-09T13:00:00+00:00,64.81,30.78,11.11,18.27,4.65
BLD-HQ-01,MAIN,2026-09-09T14:00:00+00:00,65.04,31.47,10.87,19.08,3.62
BLD-HQ-01,MAIN,2026-09-09T15:00:00+00:00,68.94,32.89,11.76,20.24,4.06
BLD-HQ-01,MAIN,2026-09-09T16:00:00+00:00,67.6,32.71,11.55,18.41,4.94
BLD-HQ-01,MAIN,2026-09-09T17:00:00+00:00,63.88,31.0,10.16,17.95,4.77
BLD-HQ-01,MAIN,2026-09-09T18:00:00+00:00,62.66,30.15,10.13,17.89,4.5
BLD-HQ-01,MAIN,2026-09-09T19:00:00+00:00,42.95,21.07,7.2,10.52,4.17
BLD-HQ-01,MAIN,2026-09-09T20:00:00+00:00,47.36,21.95,8.09,12.52,4.8
BLD-HQ-01,MAIN,2026-09-09T21:00:00+00:00,46.13,21.95,6.81,12.67,4.7
BLD-HQ-01,MAIN,2026-09-09T22:00:00+00:00,49.55,24.03,8.22,13.03,4.26
BLD-HQ-01,MAIN,2026-09-09T23:00:00+00:00,47.98,23.31,8.3,11.72,4.65
BLD-HQ-01,MAIN,2026-09-10T00:00:00+00:00,44.0,19.65,8.18,11.22,4.95
BLD-HQ-01,MAIN,2026-09-10T01:00:00+00:00,49.37,24.66,8.43,12.02,4.25
BLD-HQ-01,MAIN,2026-09-10T02:00:00+00:00,43.21,21.22,7.82,10.11,4.06
BLD-HQ-01,MAIN,2026-09-10T03:00:00+00:00,46.62,21.12,8.71,12.78,4.0
BLD-HQ-01,MAIN,2026-09-10T04:00:00+00:00,45.73,22.1,8.03,10.89,4.71
BLD-HQ-01,MAIN,2026-09-10T05:00:00+00:00,44.99,22.27,7.76,10.79,4.16
BLD-HQ-01,MAIN,2026-09-10T06:00:00+00:00,45.94,22.19,7.14,12.82,3.79
BLD-HQ-01,MAIN,2026-09-10T07:00:00+00:00,46.43,23.73,8.4,10.77,3.53
BLD-HQ-01,MAIN,2026-09-10T08:00:00+00:00,62.72,30.13,10.7,18.03,3.86
BLD-HQ-01,MAIN,2026-09-10T09:00:00+00:00,64.84,32.02,11.52,16.04,5.26
BLD-HQ-01,MAIN,2026-09-10T10:00:00+00:00,64.21,31.81,10.63,18.09,3.68
BLD-HQ-01,MAIN,2026-09-10T11:00:00+00:00,62.21,30.34,11.06,17.35,3.46
BLD-HQ-01,MAIN,2026-09-10T12:00:00+00:00,64.44,31.6,10.56,18.37,3.91
BLD-HQ-01,MAIN,2026-09-10T13:00:00+00:00,67.67,32.99,12.56,18.57,3.54
BLD-HQ-01,MAIN,2026-09-10T14:00:00+00:00,67.76,33.21,10.82,19.53,4.2
BLD-HQ-01,MAIN,2026-09-10T15:00:00+00:00,65.87,31.75,10.42,20.61,3.09
BLD-HQ-01,MAIN,2026-09-10T16:00:00+00:00,62.22,32.19,10.15,15.15,4.74
BLD-HQ-01,MAIN,2026-09-10T17:00:00+00:00,70.12,35.64,11.22,19.17,4.09
BLD-HQ-01,MAIN,2026-09-10T18:00:00+00:00,64.23,33.08,10.9,17.29,2.95
BLD-HQ-01,MAIN,2026-09-10T19:00:00+00:00,47.6,25.16,5.97,12.11,4.36
BLD-HQ-01,MAIN,2026-09-10T20:00:00+00:00,45.21,22.88,7.53,9.75,5.05
BLD-HQ-01,MAIN,2026-09-10T21:00:00+00:00,44.66,23.3,8.76,8.95,3.65
BLD-HQ-01,MAIN,2026-09-10T22:00:00+00:00,44.72,21.29,8.14,10.89,4.41
BLD-HQ-01,MAIN,2026-09-10T23:00:00+00:00,47.84,25.22,7.37,11.62,3.62
BLD-HQ-01,MAIN,2026-09-11T00:00:00+00:00,46.01,23.66,8.33,11.89,2.12
BLD-HQ-01,MAIN,2026-09-11T01:00:00+00:00,42.55,20.91,9.01,9.03,3.6
BLD-HQ-01,MAIN,2026-09-11T02:00:00+00:00,41.56,19.78,7.92,10.62,3.24
BLD-HQ-01,MAIN,2026-09-11T03:00:00+00:00,50.8,25.83,7.8,12.92,4.25
BLD-HQ-01,MAIN,2026-09-11T04:00:00+00:00,50.03,24.96,7.8,13.58,3.69
BLD-HQ-01,MAIN,2026-09-11T05:00:00+00:00,46.98,25.13,7.47,10.9,3.49
BLD-HQ-01,MAIN,2026-09-11T06:00:00+00:00,45.67,21.03,7.36,13.11,4.18
BLD-HQ-01,MAIN,2026-09-11T07:00:00+00:00,45.58,20.41,8.68,12.12,4.37
BLD-HQ-01,MAIN,2026-09-11T08:00:00+00:00,64.53,31.78,10.16,18.02,4.57
BLD-HQ-01,MAIN,2026-09-11T09:00:00+00:00,66.75,33.71,11.18,18.7,3.16
BLD-HQ-01,MAIN,2026-09-11T10:00:00+00:00,67.19,33.66,11.54,18.12,3.87
BLD-HQ-01,MAIN,2026-09-11T11:00:00+00:00,63.0,31.68,10.4,17.57,3.35
BLD-HQ-01,MAIN,2026-09-11T12:00:00+00:00,66.41,33.28,11.44,17.65,4.03
BLD-HQ-01,MAIN,2026-09-11T13:00:00+00:00,64.56,31.25,11.32,16.76,5.22
BLD-HQ-01,MAIN,2026-09-11T14:00:00+00:00,65.89,31.77,11.58,18.28,4.27
BLD-HQ-01,MAIN,2026-09-11T15:00:00+00:00,63.16,30.16,11.08,17.98,3.94
BLD-HQ-01,MAIN,2026-09-11T16:00:00+00:00,65.88,32.99,10.46,17.75,4.68
BLD-HQ-01,MAIN,2026-09-11T17:00:00+00:00,65.97,32.45,10.01,18.78,4.74
BLD-HQ-01,MAIN,2026-09-11T18:00:00+00:00,66.42,32.41,10.78,19.62,3.61
BLD-HQ-01,MAIN,2026-09-11T19:00:00+00:00,47.41,23.52,7.9,11.58,4.41
BLD-HQ-01,MAIN,2026-09-11T20:00:00+00:00,45.02,23.17,7.69,10.22,3.94
BLD-HQ-01,MAIN,2026-09-11T21:00:00+00:00,43.56,22.91,7.1,9.19,4.36
BLD-HQ-01,MAIN,2026-09-11T22:00:00+00:00,46.86,22.28,8.38,11.39,4.8
BLD-HQ-01,MAIN,2026-09-11T23:00:00+00:00,44.72,22.38,7.24,11.4,3.69
BLD-HQ-01,MAIN,2026-09-12T00:00:00+00:00,39.17,20.41,5.48,9.54,3.75
BLD-HQ-01,MAIN,2026-09-12T01:00:00+00:00,40.75,21.88,6.93,7.19,4.75
BLD-HQ-01,MAIN,2026-09-12T02:00:00+00:00,39.2,20.14,6.72,8.76,3.58
BLD-HQ-01,MAIN,2026-09-12T03:00:00+00:00,37.12,16.67,6.07,11.13,3.25
BLD-HQ-01,MAIN,2026-09-12T04:00:00+00:00,39.93,17.27,6.5,11.06,5.1
BLD-HQ-01,MAIN,2026-09-12T05:00:00+00:00,39.58,21.08,7.05,8.08,3.37
BLD-HQ-01,MAIN,2026-09-12T06:00:00+00:00,42.25,21.47,6.14,10.76,3.89
BLD-HQ-01,MAIN,2026-09-12T07:00:00+00:00,41.11,20.8,6.78,9.19,4.33
BLD-HQ-01,MAIN,2026-09-12T08:00:00+00:00,45.49,24.34,7.16,9.73,4.25
BLD-HQ-01,MAIN,2026-09-12T09:00:00+00:00,45.53,20.52,7.99,13.02,4.0
BLD-HQ-01,MAIN,2026-09-12T10:00:00+00:00,44.76,21.13,7.0,11.21,5.42
BLD-HQ-01,MAIN,2026-09-12T11:00:00+00:00,47.18,22.17,7.71,13.25,4.05
BLD-HQ-01,MAIN,2026-09-12T12:00:00+00:00,43.33,20.52,8.05,10.65,4.1
BLD-HQ-01,MAIN,2026-09-12T13:00:00+00:00,42.62,23.75,6.71,8.26,3.89
BLD-HQ-01,MAIN,2026-09-12T14:00:00+00:00,45.48,22.49,7.94,10.45,4.61
BLD-HQ-01,MAIN,2026-09-12T15:00:00+00:00,44.5,21.84,8.12,10.53,4.01
BLD-HQ-01,MAIN,2026-09-12T16:00:00+00:00,46.09,24.24,8.03,9.69,4.13
BLD-HQ-01,MAIN,2026-09-12T17:00:00+00:00,43.9,22.1,6.17,11.4,4.23
BLD-HQ-01,MAIN,2026-09-12T18:00:00+00:00,44.65,22.09,8.09,10.26,4.21
BLD-HQ-01,MAIN,2026-09-12T19:00:00+00:00,37.21,18.94,5.61,8.82,3.85
BLD-HQ-01,MAIN,2026-09-12T20:00:00+00:00,37.74,17.96,6.72,9.72,3.33
BLD-HQ-01,MAIN,2026-09-12T21:00:00+00:00,39.24,19.53,6.98,8.91,3.83
BLD-HQ-01,MAIN,2026-09-12T22:00:00+00:00,37.78,21.89,5.91,6.28,3.7
BLD-HQ-01,MAIN,2026-09-12T23:00:00+00:00,38.06,18.89,6.38,8.65,4.14
BLD-HQ-01,MAIN,2026-09-13T00:00:00+00:00,37.15,17.71,6.12,8.27,5.06
BLD-HQ-01,MAIN,2026-09-13T01:00:00+00:00,39.98,19.11,8.07,9.7,3.1
BLD-HQ-01,MAIN,2026-09-13T02:00:00+00:00,40.1,19.42,6.25,10.34,4.09
BLD-HQ-01,MAIN,2026-09-13T03:00:00+00:00,37.22,19.27,6.09,7.73,4.13
BLD-HQ-01,MAIN,2026-09-13T04:00:00+00:00,40.92,20.09,6.68,9.66,4.49
BLD-HQ-01,MAIN,2026-09-13T05:00:00+00:00,38.32,19.67,6.16,8.45,4.04
BLD-HQ-01,MAIN,2026-09-13T06:00:00+00:00,37.79,17.63,6.79,10.05,3.33
BLD-HQ-01,MAIN,2026-09-13T07:00:00+00:00,38.67,18.87,7.07,8.6,4.13
BLD-HQ-01,MAIN,2026-09-13T08:00:00+00:00,43.85,20.79,6.94,11.68,4.43
BLD-HQ-01,MAIN,2026-09-13T09:00:00+00:00,46.31,21.24,8.5,12.18,4.4
BLD-HQ-01,MAIN,2026-09-13T10:00:00+00:00,44.11,22.71,7.11,11.02,3.26
BLD-HQ-01,MAIN,2026-09-13T11:00:00+00:00,43.1,23.07,6.63,10.01,3.4
BLD-HQ-01,MAIN,2026-09-13T12:00:00+00:00,39.45,18.39,8.38,8.71,3.97
BLD-HQ-01,MAIN,2026-09-13T13:00:00+00:00,46.55,24.28,7.74,10.0,4.53
BLD-HQ-01,MAIN,2026-09-13T14:00:00+00:00,43.29,20.74,8.22,11.25,3.08
BLD-HQ-01,MAIN,2026-09-13T15:00:00+00:00,44.85,22.32,8.43,11.46,2.65
BLD-HQ-01,MAIN,2026-09-13T16:00:00+00:00,44.88,22.77,7.52,10.77,3.81
BLD-HQ-01,MAIN,2026-09-13T17:00:00+00:00,42.42,21.2,6.67,11.24,3.29
BLD-HQ-01,MAIN,2026-09-13T18:00:00+00:00,40.47,18.2,8.03,10.94,3.31
BLD-HQ-01,MAIN,2026-09-13T19:00:00+00:00,40.98,20.43,6.96,9.14,4.44
BLD-HQ-01,MAIN,2026-09-13T20:00:00+00:00,40.1,19.53,6.11,10.4,4.06
BLD-HQ-01,MAIN,2026-09-13T21:00:00+00:00,36.43,18.69,5.65,8.56,3.53
BLD-HQ-01,MAIN,2026-09-13T22:00:00+00:00,39.07,20.55,6.65,7.91,3.96
BLD-HQ-01,MAIN,2026-09-13T23:00:00+00:00,39.27,21.23,5.4,8.66,3.98
BLD-HQ-01,MAIN,2026-09-14T00:00:00+00:00,45.71,20.55,9.3,12.12,3.74
BLD-HQ-01,MAIN,2026-09-14T01:00:00+00:00,45.45,21.93,8.26,11.52,3.74
BLD-HQ-01,MAIN,2026-09-14T02:00:00+00:00,48.3,23.95,8.52,12.1,3.74
BLD-HQ-01,MAIN,2026-09-14T03:00:00+00:00,47.77,24.35,8.04,10.15,5.22
BLD-HQ-01,MAIN,2026-09-14T04:00:00+00:00,43.13,21.55,7.41,9.88,4.3
BLD-HQ-01,MAIN,2026-09-14T05:00:00+00:00,46.2,24.86,7.32,11.19,2.83
BLD-HQ-01,MAIN,2026-09-14T06:00:00+00:00,45.87,20.96,8.56,13.51,2.83
BLD-HQ-01,MAIN,2026-09-14T07:00:00+00:00,48.32,23.88,7.95,12.72,3.77
BLD-HQ-01,MAIN,2026-09-14T08:00:00+00:00,64.41,30.36,11.72,18.25,4.07
BLD-HQ-01,MAIN,2026-09-14T09:00:00+00:00,64.03,29.94,11.96,17.99,4.14
BLD-HQ-01,MAIN,2026-09-14T10:00:00+00:00,66.46,34.32,10.29,18.21,3.64
BLD-HQ-01,MAIN,2026-09-14T11:00:00+00:00,66.65,32.52,10.8,18.6,4.74
BLD-HQ-01,MAIN,2026-09-14T12:00:00+00:00,67.67,31.64,11.21,20.44,4.38
BLD-HQ-01,MAIN,2026-09-14T13:00:00+00:00,67.62,31.98,11.26,20.01,4.36
BLD-HQ-01,MAIN,2026-09-14T14:00:00+00:00,63.66,31.66,9.96,18.26,3.78
BLD-HQ-01,MAIN,2026-09-14T15:00:00+00:00,66.97,33.19,11.31,19.48,2.99
BLD-HQ-01,MAIN,2026-09-14T16:00:00+00:00,68.34,35.33,10.9,17.75,4.36
BLD-HQ-01,MAIN,2026-09-14T17:00:00+00:00,63.74,33.06,11.1,16.04,3.54
BLD-HQ-01,MAIN,2026-09-14T18:00:00+00:00,63.14,31.83,10.99,16.51,3.81
BLD-HQ-01,MAIN,2026-09-14T19:00:00+00:00,47.12,22.69,8.96,11.63,3.84
BLD-HQ-01,MAIN,2026-09-14T20:00:00+00:00,47.85,24.1,8.07,11.76,3.92
BLD-HQ-01,MAIN,2026-09-14T21:00:00+00:00,45.37,23.15,8.04,10.59,3.59
BLD-HQ-01,MAIN,2026-09-14T22:00:00+00:00,43.03,22.08,8.26,9.2,3.49
BLD-HQ-01,MAIN,2026-09-14T23:00:00+00:00,48.21,25.84,7.94,10.25,4.18
BLD-HQ-01,MAIN,2026-09-15T00:00:00+00:00,45.12,24.16,7.21,10.33,3.42
BLD-HQ-01,MAIN,2026-09-15T01:00:00+00:00,47.59,23.45,8.71,11.08,4.35
BLD-HQ-01,MAIN,2026-09-15T02:00:00+00:00,43.72,21.96,8.02,10.98,2.75
BLD-HQ-01,MAIN,2026-09-15T03:00:00+00:00,47.61,24.67,7.08,12.34,3.52
BLD-HQ-01,MAIN,2026-09-15T04:00:00+00:00,50.08,25.91,8.46,12.46,3.25
BLD-HQ-01,MAIN,2026-09-15T05:00:00+00:00,48.01,25.24,8.15,10.67,3.96
BLD-HQ-01,MAIN,2026-09-15T06:00:00+00:00,45.43,22.98,7.01,10.3,5.14
BLD-HQ-01,MAIN,2026-09-15T07:00:00+00:00,40.23,20.0,7.55,9.12,3.56
BLD-HQ-01,MAIN,2026-09-15T08:00:00+00:00,64.2,29.9,11.0,19.33,3.97
BLD-HQ-01,MAIN,2026-09-15T09:00:00+00:00,67.2,32.77,12.15,18.49,3.79
BLD-HQ-01,MAIN,2026-09-15T10:00:00+00:00,67.03,33.28,10.68,18.94,4.14
BLD-HQ-01,MAIN,2026-09-15T11:00:00+00:00,65.66,33.06,11.3,17.21,4.09
BLD-HQ-01,MAIN,2026-09-15T12:00:00+00:00,65.84,32.3,10.79,18.73,4.03
BLD-HQ-01,MAIN,2026-09-15T13:00:00+00:00,65.48,30.04,11.29,19.78,4.38
BLD-HQ-01,MAIN,2026-09-15T14:00:00+00:00,65.14,32.52,11.19,17.73,3.7
BLD-HQ-01,MAIN,2026-09-15T15:00:00+00:00,60.94,29.92,11.0,15.41,4.62
BLD-HQ-01,MAIN,2026-09-15T16:00:00+00:00,64.68,31.43,11.76,16.77,4.71
BLD-HQ-01,MAIN,2026-09-15T17:00:00+00:00,66.62,33.41,11.27,17.27,4.67
BLD-HQ-01,MAIN,2026-09-15T18:00:00+00:00,64.07,31.12,10.47,18.37,4.11
BLD-HQ-01,MAIN,2026-09-15T19:00:00+00:00,44.35,21.61,7.71,11.31,3.72
BLD-HQ-01,MAIN,2026-09-15T20:00:00+00:00,47.21,23.08,8.46,11.84,3.82
BLD-HQ-01,MAIN,2026-09-15T21:00:00+00:00,50.23,25.24,9.52,11.8,3.67
BLD-HQ-01,MAIN,2026-09-15T22:00:00+00:00,45.45,22.53,7.49,11.16,4.27
BLD-HQ-01,MAIN,2026-09-15T23:00:00+00:00,47.84,26.45,8.26,9.48,3.65
BLD-HQ-01,MAIN,2026-09-16T00:00:00+00:00,50.02,24.19,8.26,12.89,4.69
BLD-HQ-01,MAIN,2026-09-16T01:00:00+00:00,44.23,19.98,7.7,12.83,3.72
BLD-HQ-01,MAIN,2026-09-16T02:00:00+00:00,47.25,22.99,8.29,12.28,3.69
BLD-HQ-01,MAIN,2026-09-16T03:00:00+00:00,42.02,21.57,7.29,9.07,4.08
BLD-HQ-01,MAIN,2026-09-16T04:00:00+00:00,48.95,24.48,7.67,12.71,4.09
BLD-HQ-01,MAIN,2026-09-16T05:00:00+00:00,48.07,23.31,7.03,13.97,3.76
BLD-HQ-01,MAIN,2026-09-16T06:00:00+00:00,42.82,20.95,7.48,10.33,4.06
BLD-HQ-01,MAIN,2026-09-16T07:00:00+00:00,46.83,22.21,6.97,12.85,4.8
BLD-HQ-01,MAIN,2026-09-16T08:00:00+00:00,62.98,30.83,11.2,17.16,3.8
BLD-HQ-01,MAIN,2026-09-16T09:00:00+00:00,64.45,30.83,11.39,18.27,3.96
BLD-HQ-01,MAIN,2026-09-16T10:00:00+00:00,64.97,31.04,11.49,18.77,3.67
BLD-HQ-01,MAIN,2026-09-16T11:00:00+00:00,69.15,32.83,12.14,19.96,4.22
BLD-HQ-01,MAIN,2026-09-16T12:00:00+00:00,65.72,33.32,10.79,18.55,3.06
BLD-HQ-01,MAIN,2026-09-16T13:00:00+00:00,67.76,33.75,10.85,18.75,4.41
BLD-HQ-01,MAIN,2026-09-16T14:00:00+00:00,64.85,33.48,10.04,17.79,3.53
BLD-HQ-01,MAIN,2026-09-16T15:00:00+00:00,63.42,31.45,10.96,16.94,4.07
BLD-HQ-01,MAIN,2026-09-16T16:00:00+00:00,66.6,31.62,11.97,19.09,3.92
BLD-HQ-01,MAIN,2026-09-16T17:00:00+00:00,65.39,32.73,11.28,17.54,3.84
BLD-HQ-01,MAIN,2026-09-16T18:00:00+00:00,66.21,33.13,10.56,18.96,3.55
BLD-HQ-01,MAIN,2026-09-16T19:00:00+00:00,44.97,23.21,7.72,10.71,3.32
BLD-HQ-01,MAIN,2026-09-16T20:00:00+00:00,46.85,22.86,7.15,13.3,3.53
BLD-HQ-01,MAIN,2026-09-16T21:00:00+00:00,44.84,22.16,7.78,10.83,4.07
BLD-HQ-01,MAIN,2026-09-16T22:00:00+00:00,44.79,21.4,8.12,10.8,4.47
BLD-HQ-01,MAIN,2026-09-16T23:00:00+00:00,47.35,22.52,8.1,12.39,4.33
BLD-HQ-01,MAIN,2026-09-17T00:00:00+00:00,46.82,22.45,7.49,11.89,4.98
BLD-HQ-01,MAIN,2026-09-17T01:00:00+00:00,46.25,23.16,6.65,12.05,4.39
BLD-HQ-01,MAIN,2026-09-17T02:00:00+00:00,42.51,20.04,7.73,11.22,3.52
BLD-HQ-01,MAIN,2026-09-17T03:00:00+00:00,44.11,22.41,6.91,10.84,3.95
BLD-HQ-01,MAIN,2026-09-17T04:00:00+00:00,44.82,21.7,7.81,10.67,4.65
BLD-HQ-01,MAIN,2026-09-17T05:00:00+00:00,47.07,21.86,7.65,13.64,3.92
BLD-HQ-01,MAIN,2026-09-17T06:00:00+00:00,45.7,23.94,7.29,11.64,2.82
BLD-HQ-01,MAIN,2026-09-17T07:00:00+00:00,45.0,24.19,7.25,10.5,3.07
BLD-HQ-01,MAIN,2026-09-17T08:00:00+00:00,66.42,32.68,11.14,17.58,5.03
BLD-HQ-01,MAIN,2026-09-17T09:00:00+00:00,65.75,31.19,11.1,19.54,3.91
BLD-HQ-01,MAIN,2026-09-17T10:00:00+00:00,67.08,33.16,10.87,18.57,4.48
BLD-HQ-01,MAIN,2026-09-17T11:00:00+00:00,63.34,31.52,10.64,17.14,4.04
BLD-HQ-01,MAIN,2026-09-17T12:00:00+00:00,67.23,32.7,10.32,19.13,5.07
BLD-HQ-01,MAIN,2026-09-17T13:00:00+00:00,63.95,30.83,10.85,18.37,3.89
BLD-HQ-01,MAIN,2026-09-17T14:00:00+00:00,65.82,32.99,11.14,17.64,4.05
BLD-HQ-01,MAIN,2026-09-17T15:00:00+00:00,63.58,32.44,10.61,17.24,3.28
BLD-HQ-01,MAIN,2026-09-17T16:00:00+00:00,60.29,29.63,10.76,16.53,3.36
BLD-HQ-01,MAIN,2026-09-17T17:00:00+00:00,65.95,31.71,11.85,18.66,3.74
BLD-HQ-01,MAIN,2026-09-17T18:00:00+00:00,62.88,31.16,10.27,17.98,3.47
BLD-HQ-01,MAIN,2026-09-17T19:00:00+00:00,43.92,20.59,9.06,10.34,3.92
BLD-HQ-01,MAIN,2026-09-17T20:00:00+00:00,45.23,22.27,7.58,11.66,3.72
BLD-HQ-01,MAIN,2026-09-17T21:00:00+00:00,48.2,25.12,7.12,11.88,4.08
BLD-HQ-01,MAIN,2026-09-17T22:00:00+00:00,45.95,23.36,7.98,10.53,4.07
BLD-HQ-01,MAIN,2026-09-17T23:00:00+00:00,45.53,23.7,6.68,11.22,3.93
BLD-HQ-01,MAIN,2026-09-18T00:00:00+00:00,44.55,22.25,6.65,11.81,3.84
BLD-HQ-01,MAIN,2026-09-18T01:00:00+00:00,47.6,22.88,8.31,12.34,4.06
BLD-HQ-01,MAIN,2026-09-18T02:00:00+00:00,47.64,22.23,7.67,13.41,4.32
BLD-HQ-01,MAIN,2026-09-18T03:00:00+00:00,45.28,22.62,7.06,12.11,3.49
BLD-HQ-01,MAIN,2026-09-18T04:00:00+00:00,46.74,22.62,7.92,12.43,3.77
BLD-HQ-01,MAIN,2026-09-18T05:00:00+00:00,44.32,22.89,7.48,9.67,4.28
BLD-HQ-01,MAIN,2026-09-18T06:00:00+00:00,43.49,20.97,7.05,11.61,3.86
BLD-HQ-01,MAIN,2026-09-18T07:00:00+00:00,47.17,24.23,7.7,11.5,3.74
BLD-HQ-01,MAIN,2026-09-18T08:00:00+00:00,65.68,32.85,10.57,18.77,3.5
BLD-HQ-01,MAIN,2026-09-18T09:00:00+00:00,65.86,33.13,11.01,18.0,3.72
BLD-HQ-01,MAIN,2026-09-18T10:00:00+00:00,64.48,29.61,11.38,19.96,3.54
BLD-HQ-01,MAIN,2026-09-18T11:00:00+00:00,61.49,30.32,10.56,16.97,3.64
BLD-HQ-01,MAIN,2026-09-18T12:00:00+00:00,65.46,31.47,10.74,18.91,4.34
BLD-HQ-01,MAIN,2026-09-18T13:00:00+00:00,65.04,31.53,11.7,18.61,3.2
BLD-HQ-01,MAIN,2026-09-18T14:00:00+00:00,65.31,32.5,11.14,17.69,3.98
BLD-HQ-01,MAIN,2026-09-18T15:00:00+00:00,62.94,32.01,11.0,16.65,3.27
BLD-HQ-01,MAIN,2026-09-18T16:00:00+00:00,65.64,33.1,10.8,17.92,3.82
BLD-HQ-01,MAIN,2026-09-18T17:00:00+00:00,63.55,30.35,10.74,18.64,3.83
BLD-HQ-01,MAIN,2026-09-18T18:00:00+00:00,64.15,32.94,10.05,17.49,3.68
BLD-HQ-01,MAIN,2026-09-18T19:00:00+00:00,48.47,24.04,7.08,13.37,3.98
BLD-HQ-01,MAIN,2026-09-18T20:00:00+00:00,43.91,22.4,7.28,10.45,3.77
BLD-HQ-01,MAIN,2026-09-18T21:00:00+00:00,46.16,22.76,8.72,10.66,4.03
BLD-HQ-01,MAIN,2026-09-18T22:00:00+00:00,47.94,23.43,8.58,12.53,3.4
BLD-HQ-01,MAIN,2026-09-18T23:00:00+00:00,48.06,21.67,9.53,13.26,3.6
BLD-HQ-01,MAIN,2026-09-19T00:00:00+00:00,42.42,22.33,6.59,8.92,4.58
BLD-HQ-01,MAIN,2026-09-19T01:00:00+00:00,39.5,18.92,6.32,10.08,4.18
BLD-HQ-01,MAIN,2026-09-19T02:00:00+00:00,41.88,20.05,7.84,10.41,3.58
BLD-HQ-01,MAIN,2026-09-19T03:00:00+00:00,38.02,17.18,7.46,9.14,4.24
BLD-HQ-01,MAIN,2026-09-19T04:00:00+00:00,40.59,19.5,6.45,10.22,4.43
BLD-HQ-01,MAIN,2026-09-19T05:00:00+00:00,37.42,18.74,6.51,8.19,3.98
BLD-HQ-01,MAIN,2026-09-19T06:00:00+00:00,36.18,18.76,6.45,7.78,3.19
BLD-HQ-01,MAIN,2026-09-19T07:00:00+00:00,40.78,19.8,5.66,11.37,3.95
BLD-HQ-01,MAIN,2026-09-19T08:00:00+00:00,48.86,24.21,7.35,13.28,4.02
BLD-HQ-01,MAIN,2026-09-19T09:00:00+00:00,43.46,23.02,7.28,9.26,3.9
BLD-HQ-01,MAIN,2026-09-19T10:00:00+00:00,44.52,24.48,7.2,8.4,4.44
BLD-HQ-01,MAIN,2026-09-19T11:00:00+00:00,43.79,19.51,8.33,12.63,3.32
BLD-HQ-01,MAIN,2026-09-19T12:00:00+00:00,45.66,22.53,6.81,11.92,4.39
BLD-HQ-01,MAIN,2026-09-19T13:00:00+00:00,47.98,24.22,7.89,11.57,4.31
BLD-HQ-01,MAIN,2026-09-19T14:00:00+00:00,44.31,22.12,7.38,10.84,3.97
BLD-HQ-01,MAIN,2026-09-19T15:00:00+00:00,44.41,22.95,6.53,10.86,4.07
BLD-HQ-01,MAIN,2026-09-19T16:00:00+00:00,43.02,22.35,7.05,10.02,3.6
BLD-HQ-01,MAIN,2026-09-19T17:00:00+00:00,47.31,23.17,7.8,12.25,4.1
BLD-HQ-01,MAIN,2026-09-19T18:00:00+00:00,47.08,22.1,7.59,12.98,4.41
BLD-HQ-01,MAIN,2026-09-19T19:00:00+00:00,36.63,15.78,6.44,10.46,3.95
BLD-HQ-01,MAIN,2026-09-19T20:00:00+00:00,37.36,19.55,6.17,8.65,2.99
BLD-HQ-01,MAIN,2026-09-19T21:00:00+00:00,36.68,17.39,6.21,8.83,4.25
BLD-HQ-01,MAIN,2026-09-19T22:00:00+00:00,38.74,20.42,6.22,7.72,4.38
BLD-HQ-01,MAIN,2026-09-19T23:00:00+00:00,44.56,24.4,6.99,8.73,4.43
BLD-HQ-01,MAIN,2026-09-20T00:00:00+00:00,37.62,21.88,6.3,5.89,3.56
BLD-HQ-01,MAIN,2026-09-20T01:00:00+00:00,35.7,17.43,6.4,7.9,3.97
BLD-HQ-01,MAIN,2026-09-20T02:00:00+00:00,41.61,17.97,7.34,11.43,4.87
BLD-HQ-01,MAIN,2026-09-20T03:00:00+00:00,37.51,17.28,7.75,8.56,3.91
BLD-HQ-01,MAIN,2026-09-20T04:00:00+00:00,41.18,19.76,5.69,10.98,4.75
BLD-HQ-01,MAIN,2026-09-20T05:00:00+00:00,41.03,21.26,6.36,9.42,3.99
BLD-HQ-01,MAIN,2026-09-20T06:00:00+00:00,39.81,18.81,6.61,10.18,4.21
BLD-HQ-01,MAIN,2026-09-20T07:00:00+00:00,36.9,17.32,7.84,7.63,4.11
BLD-HQ-01,MAIN,2026-09-20T08:00:00+00:00,44.0,22.04,8.02,10.15,3.78
BLD-HQ-01,MAIN,2026-09-20T09:00:00+00:00,47.49,23.08,7.34,12.39,4.68
BLD-HQ-01,MAIN,2026-09-20T10:00:00+00:00,47.54,24.93,7.69,11.19,3.73
BLD-HQ-01,MAIN,2026-09-20T11:00:00+00:00,46.16,23.25,7.93,10.82,4.16
BLD-HQ-01,MAIN,2026-09-20T12:00:00+00:00,44.46,22.48,7.46,10.99,3.52
BLD-HQ-01,MAIN,2026-09-20T13:00:00+00:00,45.73,23.91,6.68,11.48,3.66
BLD-HQ-01,MAIN,2026-09-20T14:00:00+00:00,43.21,22.75,7.69,9.32,3.44
BLD-HQ-01,MAIN,2026-09-20T15:00:00+00:00,45.23,20.74,8.09,11.54,4.87
BLD-HQ-01,MAIN,2026-09-20T16:00:00+00:00,45.9,22.08,7.95,11.01,4.87
BLD-HQ-01,MAIN,2026-09-20T17:00:00+00:00,40.97,20.76,7.12,8.29,4.8
BLD-HQ-01,MAIN,2026-09-20T18:00:00+00:00,46.84,24.01,8.16,10.85,3.82
BLD-HQ-01,MAIN,2026-09-20T19:00:00+00:00,38.18,19.15,6.33,8.58,4.11
BLD-HQ-01,MAIN,2026-09-20T20:00:00+00:00,38.07,18.76,7.55,7.57,4.2
BLD-HQ-01,MAIN,2026-09-20T21:00:00+00:00,38.8,19.61,6.85,7.7,4.63
BLD-HQ-01,MAIN,2026-09-20T22:00:00+00:00,41.3,19.88,6.62,10.53,4.27
BLD-HQ-01,MAIN,2026-09-20T23:00:00+00:00,38.41,19.71,5.64,9.6,3.45
BLD-HQ-01,MAIN,2026-09-21T00:00:00+00:00,45.71,23.78,8.08,9.91,3.93
BLD-HQ-01,MAIN,2026-09-21T01:00:00+00:00,44.92,21.38,7.39,11.97,4.18
BLD-HQ-01,MAIN,2026-09-21T02:00:00+00:00,44.46,21.21,7.3,11.51,4.45
BLD-HQ-01,MAIN,2026-09-21T03:00:00+00:00,45.72,25.62,7.05,9.61,3.44
BLD-HQ-01,MAIN,2026-09-21T04:00:00+00:00,43.18,20.45,8.18,11.05,3.5
BLD-HQ-01,MAIN,2026-09-21T05:00:00+00:00,46.67,23.98,7.88,11.51,3.3
BLD-HQ-01,MAIN,2026-09-21T06:00:00+00:00,46.51,21.53,8.24,12.63,4.12
BLD-HQ-01,MAIN,2026-09-21T07:00:00+00:00,46.51,22.61,7.92,11.89,4.08
BLD-HQ-01,MAIN,2026-09-21T08:00:00+00:00,67.97,33.98,11.44,18.25,4.3
BLD-HQ-01,MAIN,2026-09-21T09:00:00+00:00,91.32,61.36,10.21,15.34,4.41
BLD-HQ-01,MAIN,2026-09-21T10:00:00+00:00,66.05,33.24,11.51,18.37,2.93
BLD-HQ-01,MAIN,2026-09-21T11:00:00+00:00,65.19,32.06,10.81,18.02,4.29
BLD-HQ-01,MAIN,2026-09-21T12:00:00+00:00,65.76,32.18,10.62,19.18,3.78
BLD-HQ-01,MAIN,2026-09-21T13:00:00+00:00,65.6,32.97,10.74,17.9,3.99
BLD-HQ-01,MAIN,2026-09-21T14:00:00+00:00,62.77,30.13,11.47,17.22,3.95
BLD-HQ-01,MAIN,2026-09-21T15:00:00+00:00,64.07,31.25,11.89,17.01,3.92
BLD-HQ-01,MAIN,2026-09-21T16:00:00+00:00,64.98,31.9,10.27,18.78,4.02
BLD-HQ-01,MAIN,2026-09-21T17:00:00+00:00,68.74,32.97,12.46,19.29,4.02
BLD-HQ-01,MAIN,2026-09-21T18:00:00+00:00,63.45,32.15,10.84,17.0,3.46
BLD-HQ-01,MAIN,2026-09-21T19:00:00+00:00,40.9,22.42,7.03,8.07,3.39
BLD-HQ-01,MAIN,2026-09-21T20:00:00+00:00,45.5,24.92,7.97,9.73,2.89
BLD-HQ-01,MAIN,2026-09-21T21:00:00+00:00,45.27,22.52,7.98,11.48,3.29
BLD-HQ-01,MAIN,2026-09-21T22:00:00+00:00,48.57,24.6,6.96,12.66,4.36
BLD-HQ-01,MAIN,2026-09-21T23:00:00+00:00,48.87,23.54,7.7,13.27,4.36
BLD-HQ-01,MAIN,2026-09-22T00:00:00+00:00,45.37,21.12,8.25,12.48,3.51
BLD-HQ-01,MAIN,2026-09-22T01:00:00+00:00,44.6,21.19,8.29,10.06,5.06
BLD-HQ-01,MAIN,2026-09-22T02:00:00+00:00,46.74,24.44,7.15,10.76,4.39
BLD-HQ-01,MAIN,2026-09-22T03:00:00+00:00,50.51,24.81,8.38,12.74,4.58
BLD-HQ-01,MAIN,2026-09-22T04:00:00+00:00,43.74,20.71,7.38,12.07,3.57
BLD-HQ-01,MAIN,2026-09-22T05:00:00+00:00,47.07,24.57,7.57,10.52,4.41
BLD-HQ-01,MAIN,2026-09-22T06:00:00+00:00,44.84,23.69,7.22,9.96,3.96
BLD-HQ-01,MAIN,2026-09-22T07:00:00+00:00,42.57,21.82,7.03,9.46,4.27
BLD-HQ-01,MAIN,2026-09-22T08:00:00+00:00,63.99,31.31,11.27,17.71,3.71
BLD-HQ-01,MAIN,2026-09-22T09:00:00+00:00,59.24,28.74,11.44,15.63,3.43
BLD-HQ-01,MAIN,2026-09-22T10:00:00+00:00,62.94,32.02,11.32,16.07,3.54
BLD-HQ-01,MAIN,2026-09-22T11:00:00+00:00,60.9,29.16,10.53,17.55,3.66
BLD-HQ-01,MAIN,2026-09-22T12:00:00+00:00,65.48,33.62,10.4,16.5,4.96
BLD-HQ-01,MAIN,2026-09-22T13:00:00+00:00,64.07,33.84,9.95,16.59,3.69
BLD-HQ-01,MAIN,2026-09-22T14:00:00+00:00,66.33,31.76,11.61,17.78,5.17
BLD-HQ-01,MAIN,2026-09-22T15:00:00+00:00,65.38,30.28,12.68,18.23,4.19
BLD-HQ-01,MAIN,2026-09-22T16:00:00+00:00,66.24,32.77,10.66,18.2,4.62
BLD-HQ-01,MAIN,2026-09-22T17:00:00+00:00,64.13,30.6,12.21,17.16,4.16
BLD-HQ-01,MAIN,2026-09-22T18:00:00+00:00,65.54,33.05,11.8,16.92,3.76
BLD-HQ-01,MAIN,2026-09-22T19:00:00+00:00,49.8,24.68,8.61,13.26,3.24
BLD-HQ-01,MAIN,2026-09-22T20:00:00+00:00,46.95,22.83,7.49,11.84,4.79
BLD-HQ-01,MAIN,2026-09-22T21:00:00+00:00,46.18,23.28,7.76,11.48,3.66
BLD-HQ-01,MAIN,2026-09-22T22:00:00+00:00,44.96,22.34,7.1,11.32,4.21
BLD-HQ-01,MAIN,2026-09-22T23:00:00+00:00,49.6,24.91,7.84,12.44,4.42
BLD-HQ-01,MAIN,2026-09-23T00:00:00+00:00,48.6,26.5,8.07,10.31,3.73
BLD-HQ-01,MAIN,2026-09-23T01:00:00+00:00,47.95,22.2,7.92,13.81,4.02
BLD-HQ-01,MAIN,2026-09-23T02:00:00+00:00,49.05,24.43,8.07,12.74,3.81
BLD-HQ-01,MAIN,2026-09-23T03:00:00+00:00,44.46,20.9,6.84,12.16,4.55
BLD-HQ-01,MAIN,2026-09-23T04:00:00+00:00,45.54,22.22,7.84,12.04,3.43
BLD-HQ-01,MAIN,2026-09-23T05:00:00+00:00,47.95,22.16,8.58,12.63,4.57
BLD-HQ-01,MAIN,2026-09-23T06:00:00+00:00,45.09,23.3,6.88,11.63,3.29
BLD-HQ-01,MAIN,2026-09-23T07:00:00+00:00,43.71,20.55,7.84,11.61,3.71
BLD-HQ-01,MAIN,2026-09-23T08:00:00+00:00,65.28,31.18,10.41,19.53,4.16
BLD-HQ-01,MAIN,2026-09-23T09:00:00+00:00,66.5,31.94,11.55,17.63,5.37
BLD-HQ-01,MAIN,2026-09-23T10:00:00+00:00,62.66,29.52,11.29,18.38,3.47
BLD-HQ-01,MAIN,2026-09-23T11:00:00+00:00,65.78,31.68,10.51,19.56,4.03
BLD-HQ-01,MAIN,2026-09-23T12:00:00+00:00,65.16,33.58,10.7,16.4,4.47
BLD-HQ-01,MAIN,2026-09-23T13:00:00+00:00,59.79,30.52,8.59,16.87,3.81
BLD-HQ-01,MAIN,2026-09-23T14:00:00+00:00,66.41,32.91,10.91,18.04,4.54
BLD-HQ-01,MAIN,2026-09-23T15:00:00+00:00,63.48,30.14,11.39,18.47,3.48
BLD-HQ-01,MAIN,2026-09-23T16:00:00+00:00,62.78,30.64,11.78,15.96,4.39
BLD-HQ-01,MAIN,2026-09-23T17:00:00+00:00,68.47,32.97,11.85,20.27,3.39
BLD-HQ-01,MAIN,2026-09-23T18:00:00+00:00,65.2,31.88,10.78,18.22,4.32
BLD-HQ-01,MAIN,2026-09-23T19:00:00+00:00,44.5,22.39,8.09,10.53,3.49
BLD-HQ-01,MAIN,2026-09-23T20:00:00+00:00,46.51,22.02,9.57,10.34,4.57
BLD-HQ-01,MAIN,2026-09-23T21:00:00+00:00,48.63,23.66,7.4,13.01,4.56
BLD-HQ-01,MAIN,2026-09-23T22:00:00+00:00,45.14,22.02,7.89,11.79,3.44
BLD-HQ-01,MAIN,2026-09-23T23:00:00+00:00,48.44,23.01,7.95,13.54,3.93
BLD-HQ-01,MAIN,2026-09-24T00:00:00+00:00,46.0,24.18,7.74,10.46,3.62
BLD-HQ-01,MAIN,2026-09-24T01:00:00+00:00,43.99,20.12,7.4,13.21,3.26
BLD-HQ-01,MAIN,2026-09-24T02:00:00+00:00,48.61,24.08,8.1,11.7,4.73
BLD-HQ-01,MAIN,2026-09-24T03:00:00+00:00,48.23,24.33,7.97,11.5,4.43
BLD-HQ-01,MAIN,2026-09-24T04:00:00+00:00,48.23,23.11,8.5,12.6,4.02
BLD-HQ-01,MAIN,2026-09-24T05:00:00+00:00,47.6,22.76,7.83,12.97,4.04
BLD-HQ-01,MAIN,2026-09-24T06:00:00+00:00,46.77,22.07,8.06,12.03,4.61
BLD-HQ-01,MAIN,2026-09-24T07:00:00+00:00,48.65,25.87,7.58,10.25,4.96
BLD-HQ-01,MAIN,2026-09-24T08:00:00+00:00,68.11,33.57,13.06,18.14,3.34
BLD-HQ-01,MAIN,2026-09-24T09:00:00+00:00,64.87,32.21,10.11,18.94,3.61
BLD-HQ-01,MAIN,2026-09-24T10:00:00+00:00,65.35,33.97,11.52,15.4,4.46
BLD-HQ-01,MAIN,2026-09-24T11:00:00+00:00,63.33,31.74,11.5,16.87,3.22
BLD-HQ-01,MAIN,2026-09-24T12:00:00+00:00,67.58,32.0,10.52,21.15,3.92
BLD-HQ-01,MAIN,2026-09-24T13:00:00+00:00,66.96,33.4,11.17,18.12,4.27
BLD-HQ-01,MAIN,2026-09-24T14:00:00+00:00,63.01,30.64,10.75,17.74,3.88
BLD-HQ-01,MAIN,2026-09-24T15:00:00+00:00,67.01,32.14,11.55,19.05,4.27
BLD-HQ-01,MAIN,2026-09-24T16:00:00+00:00,65.57,32.92,10.95,17.62,4.08
BLD-HQ-01,MAIN,2026-09-24T17:00:00+00:00,92.94,59.22,11.17,19.45,3.09
BLD-HQ-01,MAIN,2026-09-24T18:00:00+00:00,64.28,32.05,10.57,17.38,4.28
BLD-HQ-01,MAIN,2026-09-24T19:00:00+00:00,44.56,22.44,7.61,10.51,4.01
BLD-HQ-01,MAIN,2026-09-24T20:00:00+00:00,50.03,26.2,8.47,11.58,3.78
BLD-HQ-01,MAIN,2026-09-24T21:00:00+00:00,47.9,21.91,7.99,13.55,4.46
BLD-HQ-01,MAIN,2026-09-24T22:00:00+00:00,48.32,23.34,7.94,12.38,4.67
BLD-HQ-01,MAIN,2026-09-24T23:00:00+00:00,45.59,23.75,8.39,10.2,3.25
BLD-HQ-01,MAIN,2026-09-25T00:00:00+00:00,44.83,22.94,7.79,10.97,3.13
BLD-HQ-01,MAIN,2026-09-25T01:00:00+00:00,45.55,22.17,6.77,13.29,3.32
BLD-HQ-01,MAIN,2026-09-25T02:00:00+00:00,46.36,21.44,7.34,12.98,4.6
BLD-HQ-01,MAIN,2026-09-25T03:00:00+00:00,49.29,26.4,7.99,11.33,3.57
BLD-HQ-01,MAIN,2026-09-25T04:00:00+00:00,46.27,22.94,6.74,12.21,4.38
BLD-HQ-01,MAIN,2026-09-25T05:00:00+00:00,43.66,19.36,8.52,11.57,4.22
BLD-HQ-01,MAIN,2026-09-25T06:00:00+00:00,45.89,23.74,6.94,11.21,4.01
BLD-HQ-01,MAIN,2026-09-25T07:00:00+00:00,47.88,24.4,8.51,11.27,3.7
BLD-HQ-01,MAIN,2026-09-25T08:00:00+00:00,63.98,31.37,11.43,17.79,3.4
BLD-HQ-01,MAIN,2026-09-25T09:00:00+00:00,64.39,31.16,10.89,18.16,4.18
BLD-HQ-01,MAIN,2026-09-25T10:00:00+00:00,60.47,27.59,10.58,18.36,3.95
BLD-HQ-01,MAIN,2026-09-25T11:00:00+00:00,65.38,30.54,11.28,19.09,4.47
BLD-HQ-01,MAIN,2026-09-25T12:00:00+00:00,65.9,31.73,10.94,18.61,4.62
BLD-HQ-01,MAIN,2026-09-25T13:00:00+00:00,62.56,31.74,10.25,17.01,3.57
BLD-HQ-01,MAIN,2026-09-25T14:00:00+00:00,67.41,34.64,11.07,17.88,3.82
BLD-HQ-01,MAIN,2026-09-25T15:00:00+00:00,64.04,31.72,10.91,17.73,3.69
BLD-HQ-01,MAIN,2026-09-25T16:00:00+00:00,63.4,32.35,10.6,16.51,3.95
BLD-HQ-01,MAIN,2026-09-25T17:00:00+00:00,69.01,34.07,11.34,18.99,4.61
BLD-HQ-01,MAIN,2026-09-25T18:00:00+00:00,67.22,32.53,12.17,18.94,3.58
BLD-HQ-01,MAIN,2026-09-25T19:00:00+00:00,47.69,24.29,7.37,11.95,4.08
BLD-HQ-01,MAIN,2026-09-25T20:00:00+00:00,46.38,21.02,8.19,12.86,4.3
BLD-HQ-01,MAIN,2026-09-25T21:00:00+00:00,43.54,21.32,7.16,11.44,3.61
BLD-HQ-01,MAIN,2026-09-25T22:00:00+00:00,44.83,22.55,7.29,11.96,3.03
BLD-HQ-01,MAIN,2026-09-25T23:00:00+00:00,46.46,21.78,8.0,12.18,4.5
BLD-HQ-01,MAIN,2026-09-26T00:00:00+00:00,40.72,20.9,6.45,8.83,4.54
BLD-HQ-01,MAIN,2026-09-26T01:00:00+00:00,38.52,19.72,6.72,7.96,4.13
BLD-HQ-01,MAIN,2026-09-26T02:00:00+00:00,38.54,19.88,6.2,7.96,4.5
BLD-HQ-01,MAIN,2026-09-26T03:00:00+00:00,38.14,18.85,6.51,8.26,4.52
BLD-HQ-01,MAIN,2026-09-26T04:00:00+00:00,39.77,20.34,7.18,9.28,2.98
BLD-HQ-01,MAIN,2026-09-26T05:00:00+00:00,41.68,20.87,6.27,10.58,3.97
BLD-HQ-01,MAIN,2026-09-26T06:00:00+00:00,39.32,19.91,8.1,7.26,4.06
BLD-HQ-01,MAIN,2026-09-26T07:00:00+00:00,39.83,19.69,6.04,10.04,4.07
BLD-HQ-01,MAIN,2026-09-26T08:00:00+00:00,44.14,22.52,6.85,11.02,3.75
BLD-HQ-01,MAIN,2026-09-26T09:00:00+00:00,45.43,23.33,7.47,10.53,4.1
BLD-HQ-01,MAIN,2026-09-26T10:00:00+00:00,49.0,23.26,7.69,12.96,5.1
BLD-HQ-01,MAIN,2026-09-26T11:00:00+00:00,45.82,23.16,7.77,11.9,2.99
BLD-HQ-01,MAIN,2026-09-26T12:00:00+00:00,43.81,23.28,6.41,10.33,3.79
BLD-HQ-01,MAIN,2026-09-26T13:00:00+00:00,47.57,22.72,7.62,13.53,3.69
BLD-HQ-01,MAIN,2026-09-26T14:00:00+00:00,46.55,22.42,8.03,11.79,4.31
BLD-HQ-01,MAIN,2026-09-26T15:00:00+00:00,45.59,23.05,7.52,11.32,3.7
BLD-HQ-01,MAIN,2026-09-26T16:00:00+00:00,45.68,23.35,7.25,11.05,4.04
BLD-HQ-01,MAIN,2026-09-26T17:00:00+00:00,44.78,21.86,7.45,11.34,4.13
BLD-HQ-01,MAIN,2026-09-26T18:00:00+00:00,45.09,21.26,7.37,12.0,4.46
BLD-HQ-01,MAIN,2026-09-26T19:00:00+00:00,42.06,20.62,6.85,9.91,4.68
BLD-HQ-01,MAIN,2026-09-26T20:00:00+00:00,38.89,19.88,6.96,8.14,3.91
BLD-HQ-01,MAIN,2026-09-26T21:00:00+00:00,36.06,16.86,6.73,9.23,3.24
BLD-HQ-01,MAIN,2026-09-26T22:00:00+00:00,38.56,19.36,7.38,7.71,4.12
BLD-HQ-01,MAIN,2026-09-26T23:00:00+00:00,40.22,21.39,6.3,8.18,4.35
BLD-HQ-01,MAIN,2026-09-27T00:00:00+00:00,40.99,19.6,6.88,10.19,4.31
BLD-HQ-01,MAIN,2026-09-27T01:00:00+00:00,43.32,22.03,7.25,9.58,4.45
BLD-HQ-01,MAIN,2026-09-27T02:00:00+00:00,36.75,18.52,5.74,9.07,3.41
BLD-HQ-01,MAIN,2026-09-27T03:00:00+00:00,39.78,18.5,7.19,9.52,4.56
BLD-HQ-01,MAIN,2026-09-27T04:00:00+00:00,40.9,20.11,5.44,10.46,4.89
BLD-HQ-01,MAIN,2026-09-27T05:00:00+00:00,50.02,32.0,6.98,7.24,3.79
BLD-HQ-01,MAIN,2026-09-27T06:00:00+00:00,36.99,16.81,6.1,9.82,4.25
BLD-HQ-01,MAIN,2026-09-27T07:00:00+00:00,37.88,18.6,7.81,7.83,3.64
BLD-HQ-01,MAIN,2026-09-27T08:00:00+00:00,43.31,23.1,6.98,10.27,2.96
BLD-HQ-01,MAIN,2026-09-27T09:00:00+00:00,42.19,20.88,7.37,9.89,4.04
BLD-HQ-01,MAIN,2026-09-27T10:00:00+00:00,44.67,24.71,7.8,8.79,3.37
BLD-HQ-01,MAIN,2026-09-27T11:00:00+00:00,51.0,24.85,9.24,13.02,3.89
BLD-HQ-01,MAIN,2026-09-27T12:00:00+00:00,43.3,21.29,7.76,10.15,4.1
BLD-HQ-01,MAIN,2026-09-27T13:00:00+00:00,43.94,20.75,7.31,11.38,4.5
BLD-HQ-01,MAIN,2026-09-27T14:00:00+00:00,45.03,22.26,7.21,11.2,4.37
BLD-HQ-01,MAIN,2026-09-27T15:00:00+00:00,45.22,22.5,6.85,11.15,4.71
BLD-HQ-01,MAIN,2026-09-27T16:00:00+00:00,49.72,24.93,8.31,12.09,4.4
BLD-HQ-01,MAIN,2026-09-27T17:00:00+00:00,44.82,20.51,7.89,12.66,3.76
BLD-HQ-01,MAIN,2026-09-27T18:00:00+00:00,42.69,22.3,7.01,9.73,3.64
BLD-HQ-01,MAIN,2026-09-27T19:00:00+00:00,39.46,20.38,6.84,7.29,4.94
BLD-HQ-01,MAIN,2026-09-27T20:00:00+00:00,42.49,21.63,6.73,9.77,4.37
BLD-HQ-01,MAIN,2026-09-27T21:00:00+00:00,41.67,21.59,6.15,10.05,3.88
BLD-HQ-01,MAIN,2026-09-27T22:00:00+00:00,36.84,20.13,5.45,8.15,3.11
BLD-HQ-01,MAIN,2026-09-27T23:00:00+00:00,37.93,19.58,7.22,7.48,3.64
BLD-HQ-01,MAIN,2026-09-28T00:00:00+00:00,48.18,25.42,7.81,11.15,3.8
BLD-HQ-01,MAIN,2026-09-28T01:00:00+00:00,43.08,21.02,6.78,10.74,4.53
BLD-HQ-01,MAIN,2026-09-28T02:00:00+00:00,45.87,20.92,8.12,11.95,4.88
BLD-HQ-01,MAIN,2026-09-28T03:00:00+00:00,46.38,22.01,8.18,11.69,4.5
BLD-HQ-01,MAIN,2026-09-28T04:00:00+00:00,48.55,23.15,7.87,13.23,4.29
BLD-HQ-01,MAIN,2026-09-28T05:00:00+00:00,45.07,21.84,7.8,12.26,3.19
BLD-HQ-01,MAIN,2026-09-28T06:00:00+00:00,49.3,22.95,8.67,13.64,4.04
BLD-HQ-01,MAIN,2026-09-28T07:00:00+00:00,68.26,47.57,7.89,9.51,3.29
BLD-HQ-01,MAIN,2026-09-28T08:00:00+00:00,65.67,32.01,10.7,18.27,4.69
BLD-HQ-01,MAIN,2026-09-28T09:00:00+00:00,66.05,30.96,11.52,18.84,4.74
BLD-HQ-01,MAIN,2026-09-28T10:00:00+00:00,64.91,30.78,10.61,19.19,4.33
BLD-HQ-01,MAIN,2026-09-28T11:00:00+00:00,69.42,34.95,10.59,20.16,3.73
BLD-HQ-01,MAIN,2026-09-28T12:00:00+00:00,66.9,32.38,10.79,19.09,4.64
BLD-HQ-01,MAIN,2026-09-28T13:00:00+00:00,61.59,30.97,10.11,16.89,3.62
BLD-HQ-01,MAIN,2026-09-28T14:00:00+00:00,67.6,33.4,12.18,18.03,3.99
BLD-HQ-01,MAIN,2026-09-28T15:00:00+00:00,92.85,60.74,11.38,17.25,3.47
BLD-HQ-01,MAIN,2026-09-28T16:00:00+00:00,64.36,33.2,10.65,17.62,2.89
BLD-HQ-01,MAIN,2026-09-28T17:00:00+00:00,65.07,33.21,10.43,17.06,4.36
BLD-HQ-01,MAIN,2026-09-28T18:00:00+00:00,67.03,33.81,10.6,17.46,5.16
BLD-HQ-01,MAIN,2026-09-28T19:00:00+00:00,46.97,24.06,7.27,10.97,4.68
BLD-HQ-01,MAIN,2026-09-28T20:00:00+00:00,49.27,25.17,6.96,12.73,4.41
BLD-HQ-01,MAIN,2026-09-28T21:00:00+00:00,46.76,24.03,8.18,10.05,4.5
BLD-HQ-01,MAIN,2026-09-28T22:00:00+00:00,43.95,22.79,7.16,10.62,3.38
BLD-HQ-01,MAIN,2026-09-28T23:00:00+00:00,46.52,22.99,8.25,12.45,2.83
BLD-HQ-01,MAIN,2026-09-29T00:00:00+00:00,45.35,22.6,7.72,10.99,4.05
BLD-HQ-01,MAIN,2026-09-29T01:00:00+00:00,41.67,19.11,7.45,10.08,5.03
BLD-HQ-01,MAIN,2026-09-29T02:00:00+00:00,48.65,25.75,7.95,11.07,3.88
BLD-HQ-01,MAIN,2026-09-29T03:00:00+00:00,43.54,19.87,7.84,11.86,3.98
BLD-HQ-01,MAIN,2026-09-29T04:00:00+00:00,44.19,21.52,7.81,11.86,3.01
BLD-HQ-01,MAIN,2026-09-29T05:00:00+00:00,43.68,21.94,7.65,10.25,3.84
BLD-HQ-01,MAIN,2026-09-29T06:00:00+00:00,47.7,21.94,7.85,14.27,3.63
BLD-HQ-01,MAIN,2026-09-29T07:00:00+00:00,46.31,24.78,7.39,11.15,2.99
BLD-HQ-01,MAIN,2026-09-29T08:00:00+00:00,65.29,33.23,10.82,17.01,4.22
BLD-HQ-01,MAIN,2026-09-29T09:00:00+00:00,64.43,32.49,11.38,17.49,3.08
BLD-HQ-01,MAIN,2026-09-29T10:00:00+00:00,66.82,32.17,9.96,20.93,3.77
BLD-HQ-01,MAIN,2026-09-29T11:00:00+00:00,65.31,32.57,10.88,18.22,3.65
BLD-HQ-01,MAIN,2026-09-29T12:00:00+00:00,68.16,34.92,11.03,18.35,3.87
BLD-HQ-01,MAIN,2026-09-29T13:00:00+00:00,66.45,30.92,10.9,20.37,4.26
BLD-HQ-01,MAIN,2026-09-29T14:00:00+00:00,66.77,32.43,12.01,17.95,4.38
BLD-HQ-01,MAIN,2026-09-29T15:00:00+00:00,63.39,29.63,12.01,17.54,4.21
BLD-HQ-01,MAIN,2026-09-29T16:00:00+00:00,66.45,32.75,11.16,18.03,4.51
BLD-HQ-01,MAIN,2026-09-29T17:00:00+00:00,61.77,30.94,9.59,18.36,2.88
BLD-HQ-01,MAIN,2026-09-29T18:00:00+00:00,67.18,32.22,11.01,20.14,3.82
BLD-HQ-01,MAIN,2026-09-29T19:00:00+00:00,45.77,24.64,7.74,8.8,4.59
BLD-HQ-01,MAIN,2026-09-29T20:00:00+00:00,47.92,25.13,7.34,11.32,4.13
BLD-HQ-01,MAIN,2026-09-29T21:00:00+00:00,46.67,23.6,7.24,11.64,4.19
BLD-HQ-01,MAIN,2026-09-29T22:00:00+00:00,46.5,21.62,7.82,12.31,4.76
BLD-HQ-01,MAIN,2026-09-29T23:00:00+00:00,46.66,23.15,7.89,11.53,4.08
BLD-HQ-01,MAIN,2026-09-30T00:00:00+00:00,48.25,25.09,7.63,11.66,3.88
BLD-HQ-01,MAIN,2026-09-30T01:00:00+00:00,44.27,21.68,7.59,10.43,4.58
BLD-HQ-01,MAIN,2026-09-30T02:00:00+00:00,49.47,24.05,8.93,13.16,3.33
BLD-HQ-01,MAIN,2026-09-30T03:00:00+00:00,45.87,21.94,8.17,12.03,3.73
BLD-HQ-01,MAIN,2026-09-30T04:00:00+00:00,46.8,22.75,7.7,12.06,4.28
BLD-HQ-01,MAIN,2026-09-30T05:00:00+00:00,44.65,21.65,7.96,11.03,4.0
